:020000040800F2
:10000000C818002029020008192E000889260008B7
:10001000152E00082F050008053800080000000014
:100020000000000000000000000000001F2E00087B
:100030009F060008000000001D2E0008212E000869
:10004000430200084302000843020008430200087C
:10005000430200084302000843020008430200086C
:10006000430200084302000843020008430200085C
:100070003505000843020008450500084302000852
:10008000430200084302000843020008430200083C
:10009000430200084302000843020008430200082C
:1000A000430200084302000843020008430200081C
:1000B000430200084302000843020008430200080C
:1000C00043020008430200084302000843020008FC
:1000D00043020008D537000843020008E53700084E
:1000E000430200084302000843020008012F0008F1
:1000F000312F0008212F0008112F000843020008AB
:1001000043020008430200084302000843020008BB
:10011000430200084302000843020008F12E0008D1
:100120004302000855050008650500084302000861
:100130004302000800000000000000004302000825
:10014000430200084302000843020008430200087B
:10015000430200087505000885050008F53700080A
:10016000430200084302000843020008430200085B
:1001700043020008430200080000000000000000E5
:10018000430200084302000800F002F800F03CF8C7
:100190000AA090E8000C82448344AAF10107DA45E2
:1001A00001D100F031F8AFF2090EBAE80F0013F0F8
:1001B000010F18BFFB1A43F001031847C490000059
:1001C000E4900000103A24BF78C878C1FAD85207EA
:1001D00024BF30C830C144BF04680C6070470000C1
:1001E0000023002400250026103A28BF78C1FBD840
:1001F000520728BF30C148BF0B6070471FB508F0D9
:1002000080F91FBD10B510BD00F05CF91146FFF775
:10021000F5FF05F015FE00F07AF903B4FFF7F2FFE1
:1002200003BC00F07DF900000948804709480047F9
:10023000FEE7FEE7FEE7FEE7FEE7FEE7FEE7FEE796
:10024000FEE7FEE704480549054A064B70470000F3
:10025000DD2E000889010008C8120020C8180020FF
:10026000C8140020C814002053EA020C00F0698072
:100270002DE9F04B4FF00006002B1FBFB3FA83F5BA
:1002800003FA05F424FA05F65E4012BF1643B2FAEB
:1002900082F502FA05F4C5F120051EBF22FA05FC1D
:1002A00044EA0C04203556EA044C4FEA144418BFC3
:1002B000641C4FF000084FF00009904271EB030CF2
:1002C00039D3002919BFB1FA81F701FA07F6B0FA5C
:1002D00080F700FA07F6C7F120071EBF20FA07FCD7
:1002E00046EA0C062037B6FBF4FCA7EB0507103FE7
:1002F00007F01F0BCBF120060CFA0BFB2CFA06F6CD
:1003000044BFB3460026202FA4BF5E464FF0000B2B
:100310005BEA060C08BF4FF0010B19EB0B09ABFBB6
:10032000027C48EB0608C01B06FB02CC0BFB03CC8F
:1003300071EB0C01C1E70B46024641464846BDE859
:10034000F08B13B54FF000004FF00001AFF30080C9
:10035000BDE81C40704710B54C1084EA530404D526
:100360004042C1F1000138BF491E1B4204D5524230
:10037000C3F1000338BF5B1EFFF776FF14F0804F18
:1003800004D04042C1F1000138BF491E14F0004FB3
:1003900004D05242C3F1000338BF5B1E10BD40EAD7
:1003A000010310B59B070FD1042A0DD310C808C94B
:1003B000121F9C42F8D020BA19BA884201D90120F4
:1003C00010BD4FF0FF3010BD1AB1D30703D0521C3F
:1003D00007E0002010BD10F8013B11F8014B1B1B7A
:1003E00007D110F8013B11F8014B1B1B01D1921EE4
:1003F000F1D1184610BD02F0FF0343EA032242EA9E
:10040000024200F037B84FF0000200B513469446A0
:100410009646203922BFA0E80C50A0E80C50B1F15C
:100420002001BFF4F7AF090728BFA0E80C5048BF70
:100430000CC05DF804EB890028BF40F8042B08BF0E
:10044000704748BF20F8022B11F0804F18BF00F80A
:10045000012B704770477047704710B500F02AF8BD
:10046000006810BD10B5044600F024F8046010BD0B
:100470004FF000020429C0F0128010F0030C3FF48A
:10048000C4AFCCF1040CBCF1020F18BF00F8012B73
:10049000A8BF20F8022BA1EB0C01FFF7B6BF5FEA63
:1004A000C17C24BF00F8012B00F8012B48BF00F8E5
:1004B000012B7047004870476412002000487047C5
:1004C000641200207546FFF7F9FFAE460500694645
:1004D000534620F00700854618B020B5FFF7B2FE5E
:1004E000BDE820404FF000064FF000074FF0000835
:1004F0004FF0000B21F00701AC46ACE8C009ACE8B6
:10050000C009ACE8C009ACE8C0098D46704710B519
:100510000446AFF300802046BDE81040FFF77DBEE3
:1005200001491820ABBEFEE726000200704700BF5D
:10053000FEE7000010B5024800F022F910BD0000EF
:100540001003002010B5024800F01AF910BD000099
:100550007003002010B5024800F012F910BD000031
:10056000D003002010B5024800F00AF910BD0000C9
:100570005002002010B5024800F002F910BD000042
:100580003004002010B5024800F0FAF810BD000059
:10059000B00200200146087810381823B0FBF3F2AF
:1005A0000848805CC865032A05D908686FF309000C
:1005B000001D886503E008686FF309008865886D91
:1005C0007047000016850008014600208A6A8B6982
:1005D000CBB932B1012A0DD0022A03D0032A10D19F
:1005E0000EE000BFCB6A03F08073B3F1807F00D1CF
:1005F000012007E0CB6AB3F1C07F00D1012001E008
:1006000000E000BF34E08B69B3F5005F1AD132B16E
:10061000012A07D0022A03D0032A11D10AE000BF21
:1006200001200EE0CB6A03F08073B3F1807F00D12C
:10063000012006E0CB6AB3F1C07F00D1012000E0C9
:1006400000BF15E032B1012A05D0022A04D0032AE6
:100650000CD103E000BF00BF012008E0CB6A03F02B
:100660008073B3F1807F00D1012000E000BF00BFA4
:10067000704730B50468246824F4802405682C6031
:10068000046863608468402C04D10468A260046834
:10069000E16003E00468A1600468E26030BD704777
:1006A00072B600BFFEE770B50446A56D00F064FBAE
:1006B000064694F83500022808D08020606500BF07
:1006C000002084F8340000BF012070BD206800685D
:1006D00020F01600216808602068406920F0800042
:1006E00021684861206C08B9A06C28B120680068B6
:1006F00020F00800216808602068006820F00100F0
:100700002168086010E000F037FB801B05280BD93A
:1007100020206065032084F8350000BF002084F8A5
:10072000340000BF0320D0E72068006800F001001B
:100730000028E8D194F85C103F208840A860012090
:1007400084F8350000BF002084F8340000BF00BFEB
:10075000BBE7014691F83500022803D080204865A8
:1007600001207047052081F835000868006820F0F6
:1007700001000A6810600020F3E70146486D7047E9
:10078000F8B50446002000908C4800684FF41651DC
:10079000B0FBF1F7A56D2E6894F85C100820884036
:1007A000304098B12068006800F0040070B1206803
:1007B000006820F004002168086094F85C100820AC
:1007C0008840A860606D40F00100606594F85C109E
:1007D00001208840304068B12068406900F0800006
:1007E00040B194F85C1001208840A860606D40F032
:1007F0000200606594F85C1004208840304068B1C5
:100800002068006800F0020040B194F85C100420F9
:100810008840A860606D40F00400606594F85C104A
:1008200010208840304078B32068006800F008004D
:1008300050B394F85C1010208840A86020680068CD
:1008400000F4802080B12068006800F4002028B9FE
:10085000206CC8B12046216C884715E0A06C98B187
:100860002046A16C88470FE02068006800F4807083
:1008700028B92068006820F0080021680860206C12
:1008800010B12046216C884794F85C1020208840E5
:100890003040002865D02068006800F01000002873
:1008A0005FD094F85C1020208840A86094F8350050
:1008B000052828D12068006820F01600216808600B
:1008C0002068406920F0800021684861206C08B9E8
:1008D000A06C28B12068006820F00800216808603A
:1008E00094F85C103F208840A860012084F835000F
:1008F00000BF002084F8340000BF206D10B12046F6
:10090000216D8847F8BD2068006800F4802080B120
:100910002068006800F4002028B9606C10B12046FF
:10092000616C88471DE0E06BD8B12046E16B8847D9
:1009300017E02068006800F4807068B920680068DB
:1009400020F0100021680860012084F8350000BF05
:10095000002084F8340000BFE06B10B12046E16B4A
:100960008847606D38B3606D00F00100F0B105207C
:1009700084F835002068006820F0010021680860D4
:1009800000BF0098401C0090B84200D905E02068E4
:10099000006800F001000028F3D100BF012084F8B6
:1009A000350000BF002084F8340000BFE06C10B1B7
:1009B0002046E16C884700BFA4E700000C0000203F
:1009C0002DE9F0410446002500F0D6F9074614B998
:1009D0000120BDE8F081606A00B100BF022084F808
:1009E000350000BF002084F8340000BF2068006894
:1009F00020F00100216808600AE000F0BDF9C01B8A
:100A0000052805D920206065032084F83500E0E73B
:100A10002068006800F001000028EED12068056819
:100A200021480540D4E901010843E16808432169F0
:100A3000084361690843A1690843E1690843216AE1
:100A400008430543606A042803D1D4E90B01084335
:100A50000543206805602068456925F00705606A40
:100A60000543606A04280DD1A06A0543E06A48B1D5
:100A70002046FFF7A9FD28B140206065012084F8D9
:100A80003500A6E7206845612046FFF783FD06464E
:100A900094F85C103F208840B06000206065012021
:100AA00084F83500002094E73F8010F02DE9F047EE
:100AB00004460D4616461F464FF00008D4F85890DD
:100AC00000BF94F83400012802D10220BDE8F0876D
:100AD000012084F8340000BF94F83500012825D1A6
:100AE000022084F83500002060653B4632462946E6
:100AF0002046FFF7BEFD94F85C103F208840C9F8FF
:100B000008002068006840F0160021680860206C2A
:100B100028B12068006840F008002168086020685B
:100B2000006840F001002168086006E000BF002076
:100B300084F8340000BF4FF002084046C6E70000CA
:100B400070B5044600F018F906462546681C10B139
:100B500004480078054400BF00F00EF9801BA8424D
:100B6000FAD370BD08000020F8B502460B460025F8
:100B7000002400200021D6E0012606FA01F51E68B7
:100B800006EA0504AC4274D11E7906F00306012E74
:100B900004D01E7906F00306022E13D190684F0090
:100BA0000326BE40B0434F00DE68BE403043906035
:100BB000506801268E40B0431E79C6F300168E4061
:100BC000304350601E7906F00306032E09D0D0682A
:100BD0004F000326BE40B0434F009E68BE403043E6
:100BE000D0601E7906F00306022E13D1CF0802F161
:100BF000200656F827004E07F70E0F26BE40B043DA
:100C00004F07FF0E1E69BE403043CF0802F1200699
:100C100046F8270010684F000326BE40B0431E79F7
:100C200006F003064F00BE40304310605E6806F4D5
:100C30004036002E76D000BF002600963C4E366827
:100C400046F480463A4F3E603E46366806F480469B
:100C5000009600BF00BF374E8F0856F827008E075A
:100C6000370F0F26BE40B043334EB24202D10026AA
:100C700024E057E0314EB24201D101261EE0304E51
:100C8000B24201D1022619E02E4EB24201D1032612
:100C900014E02D4EB24201D104260FE02B4EB24299
:100CA00001D105260AE02A4EB24201D1062605E00E
:100CB000284EB24201D1072600E008268F073F0FD9
:100CC000BE4030431B4E8F0846F82700224E306846
:100CD000A0435E6806F4801606B120431E4E3060C5
:100CE000361D3068A0435E6806F4001606B1204346
:100CF000194E361D3060184E361F3068A0435E68AE
:100D000006F4003606B12043134E361F3060361FFE
:100D10003068A0435E6806F4803606B120430E4E6C
:100D2000083E3060491C1029FFF426AFF8BD0000D2
:100D300044380240083801400000024000040240EC
:100D400000080240000C0240001002400014024063
:100D500000180240001C0240083C01400246136992
:100D60000B400BB1012000E0002070470AB1816107
:100D700001E00B0483617047014800687047000080
:100D8000000000200348006803490978084401492D
:100D900008607047000000200800002010B50D48D2
:100DA000006840F400700B4908600846006840F491
:100DB000806008600846006840F480700860032086
:100DC00000F0A6F80F2000F007F800F02BF8002044
:100DD00010BD0000003C024070B504460E4800788B
:100DE0004FF47A71B1FBF0F00C490968B1FBF0F5F2
:100DF000284600F02FFC08B1012070BD102C07D24E
:100E000000222146501E00F045F80548046001E02C
:100E10000120F2E70020F0E7080000200C0000208D
:100E20000400002008B500BF002000900E480068B4
:100E300040F480400C4908600846006800F4804097
:100E4000009000BF00BF00BF00200090081F006896
:100E500040F08050091F08600846006800F080508C
:100E6000009000BF00BF08BD44380240014608465C
:100E700000280DDB00BF00BF00F01F0301229A40D5
:100E800043099B0003F1E023C3F8002100BF00BF2A
:100E900000BF70472DE9F05F80460D4616460027DB
:100EA00003F066F8074639462A46334601F0070044
:100EB000C0F1070ABAF1040F02D94FF0040A01E0A9
:100EC000C0F1070AD14600F1040ABAF1070F02D2B5
:100ED0004FF0000A01E0A0F1030AD4464FF0010AE6
:100EE0000AFA09FAAAF1010A0AEA020A0AFA0CFA4B
:100EF0004FF0010B0BFA0CFBABF1010B0BEA030BF0
:100F00004AEA0B042146404603F03AF8BDE8F09F58
:100F100000BF00F00702064B19684FF6FF031940A7
:100F2000044B0B4343EA0221014B196000BF704799
:100F30000CED00E00000FA0570B504460D460CB952
:100F4000012070BD5848006800F00700A84209D28F
:100F500055490D700846006800F00700A84201D00E
:100F60000120EEE7207800F0020002281DD1207851
:100F700000F00400042805D14C48006840F4E0501B
:100F80004A490860207800F00800082805D1474841
:100F9000006840F46040454908604448006820F01B
:100FA000F000A168084341490860207800F0010082
:100FB000A8B36068012807D13C4808380068C0F32E
:100FC0004040B8B90120BCE76068022802D06068E0
:100FD000032807D1354808380068C0F3406048B995
:100FE0000120AEE7314808380068C0F3400008B976
:100FF0000120A6E72D48006820F00300616808433F
:101000002A490860FFF7B8FE064609E0FFF7B4FE7C
:10101000801B41F28831884202D9032091E707E022
:101020002248006800F00C006168B0EB810FEDD140
:101030001D48006800F00700A84209D91A490D7040
:101040000846006800F00700A84201D0012078E7B8
:10105000207800F00400042807D11448006820F428
:10106000E050E168084311490860207800F008006A
:10107000082808D10D48006820F46040216940EA42
:10108000C1000A49086000F03FF808490968C1F347
:101090000311074A515CC8400649086006480068C9
:1010A000FFF79AFE00204CE7003C0240083802405F
:1010B0001E8500080C000020040000200148006884
:1010C000704700000C00002000B5FFF7F7FF04494F
:1010D0000968C1F38221034A515CC84000BD000089
:1010E000083802402E85000800B5FFF7E7FF0449E5
:1010F0000968C1F34231034A515CC84000BD000099
:10110000083802402E8500082DE9F047002400250C
:101110000026A1462548006800F00C0020B10428F4
:1011200005D008283AD105E0DFF8849039E0DFF8EF
:10113000849036E01D48001F006800F03F041B4803
:10114000001F006800F4800078B11A481749091F91
:101150000968C1F38811A0FB0170014622460023F3
:101160003846FFF781F805460EE011480F49091F80
:101170000968C1F38811A0FB0170014622460023D3
:101180003846FFF771F805460848001F0068C0F3AD
:101190000140401C4600B5FBF6F902E0DFF8109074
:1011A00000BF00BF4846BDE8F08700000838024095
:1011B0000024F40000127A00F8B504460CB90120AE
:1011C000F8BD207800F00100002874D0F9480068CC
:1011D00000F00C0004280DD0F648006800F00C0068
:1011E000082813D1F348001F006800F48000B0F510
:1011F000800F0BD1EF4808380068C0F3404000284A
:1012000059D06068002856D10120D9E700BF606836
:10121000B0F5803F08D1E7480838006840F48030D6
:10122000E449083908601EE06068B0F5A02F0DD1D0
:10123000E0480838006840F48020DE49083908603A
:101240000846006840F4803008600CE0D94808384F
:10125000006820F48030D7490839086008460068E3
:1012600020F48020086000BF606890B1FFF784FD23
:10127000054606E0FFF780FD401B642801D90320E6
:101280009EE7CC4808380068C0F340400028F1D001
:1012900011E0FFF771FD054606E0FFF76DFD401B0D
:1012A000642801D903208BE7C24808380068C0F3DE
:1012B00040400028F1D1207800F0020002285FD1E0
:1012C000BC48006800F00C0058B1BA48006800F053
:1012D0000C0008281CD1B748001F006800F48000EB
:1012E000B0B9B44808380068C0F3400020B1E068E5
:1012F000012801D0012063E7AE480838006820F0DB
:10130000F800216940EAC100AA490839086037E0BD
:10131000E06800B30120A8490860FFF72DFD0546ED
:1013200006E0FFF729FD401B022801D9032047E70B
:10133000A04808380068C0F340000028F1D09D485C
:101340000838006820F0F800216940EAC100994996
:101350000839086014E0002097490860FFF70CFD89
:10136000054606E0FFF708FD401B022801D90320CF
:1013700026E7904808380068C0F340000028F1D103
:10138000207800F0080008282CD16069A8B101205D
:101390008A490860FFF7F0FC054606E0FFF7ECFC21
:1013A000401B022801D903200AE782486C300068FC
:1013B000C0F340000028F1D014E000207F4908600D
:1013C000FFF7DAFC054606E0FFF7D6FC401B0228D3
:1013D00001D90320F4E677486C300068C0F3400080
:1013E0000028F1D1207800F00400042870D10027F3
:1013F00070483830006800F0805090B900BF00207D
:1014000000906C483830006840F0805069493831AD
:1014100008600846006800F08050009000BF00BFE0
:1014200001276748006800F48070B0B9644800681C
:1014300040F4807062490860FFF79EFC054606E0B4
:10144000FFF79AFC401B022801D90320B8E65C484C
:10145000006800F480700028F2D000BFA068012866
:1014600008D154486830006840F0010051496831A3
:1014700008601DE0A06805280DD14E48683000685E
:1014800040F004004B49683108600846006840F0AD
:10149000010008600CE047486830006820F0010057
:1014A0004449683108600846006820F0040008607C
:1014B00000BFA068A8B1FFF75FFC054609E0FFF791
:1014C0005BFC401B41F28831884202D9032077E659
:1014D00026E0384868300068C0F340000028EED0AD
:1014E00013E0FFF749FC054608E0FFF745FC401B09
:1014F00041F28831884201D9032061E62D486830E5
:101500000068C0F340000028EFD1012F07D129481F
:101510003830006820F0805026493831086000BF1C
:10152000A069002845D02348006800F00C00082876
:101530005DD0A069022845D100201F490866FFF749
:101540001BFC054606E0FFF717FC401B022801D9EB
:10155000032035E6174808380068C0F340600028CB
:10156000F1D1D4E907010843616A40EA81110122FF
:10157000A06AC2EB500041EA00412C20005D41EA24
:1015800000600C49091F086001200B490866FFF73D
:10159000F3FB054606E0FFF7EFFB401B022801D9ED
:1015A00003200DE6034808380068C0F340600028B7
:1015B000F1D049E00838024000004742800E47421F
:1015C00000700040002021490866FFF7D5FB054662
:1015D00006E0FFF7D1FB401B022801D90320EFE50D
:1015E0001B480068C0F340600028F2D12CE0A069DD
:1015F000012800D1E4E51648001D0668A06901280D
:1016000020D006F48001E06981421BD106F03F0141
:10161000206A814216D147F6C0703040616AB0EB53
:10162000811F0FD106F440310122A06AC2EB5000A5
:10163000B1EB004F06D106F070612C20005DB1EBDC
:10164000006F01D00120BBE50020B9E50000474252
:101650000038024070B504462546681EB0F1807F10
:1016600001D301200FE0681E4FF0E02148610F21F7
:101670004FF0FF3002F084FC00204FF0E021886141
:1016800007200861002070BD7047704730B50246E2
:101690000B4600BF92F83C00012801D1022030BD6A
:1016A000012082F83C0000BF022082F83D00106853
:1016B00044681068816824F0700418680443106856
:1016C0004460184D1068A8421BD01068B0F1804FDC
:1016D00017D0154D1068A84213D0144D1068A842B9
:1016E0000FD0134D1068A8420BD0124D1068A842BD
:1016F00007D0114D1068A84203D0104D1068A842C1
:1017000005D121F0800158680143106881600120F3
:1017100082F83D0000BF002082F83C0000BF00BFFF
:10172000BDE7000000000140000400400008004048
:10173000000C00400004014000400140001800403F
:1017400010B504460CB9012010BD94F83D0028B92D
:10175000002084F83C00204600F026F8022084F89F
:101760003D00211D206801F0EBFB012084F84600BC
:1017700000BF84F83E0001213F2001554020015563
:101780004120015500BF00BF012084F842004320E2
:101790000155442001554520015500BF012084F822
:1017A0003D000020D0E7000038B5044629492068F4
:1017B000884218D100BF002000902748006840F000
:1017C0002000254908600846006800F020000090CD
:1017D00000BF00BF002211463720FFF75BFB372018
:1017E000FFF744FB35E01D492068884231D100BF36
:1017F000002000901848001D006840F002001649C3
:10180000091D08600846006800F00200009000BF53
:1018100000BF002211462B20FFF73CFB2B20FFF7D7
:1018200025FB002211462C20FFF734FB2C20FFF76C
:101830001DFB002211462D20FFF72CFB2D20FFF76A
:1018400015FB002211462E20FFF724FB2E20FFF768
:101850000DFB38BD00140040403802400004014038
:10186000014691F83D00012801D001207047022077
:1018700081F83D000868C06840F001000B68D8603E
:101880001A4B086898421BD00868B0F1804F17D0F7
:10189000174B0868984213D0164B086898420FD02F
:1018A000154B086898420BD0144B0868984207D033
:1018B000134B0868984203D0124B086898420CD129
:1018C0000868806800F00702062A0CD008680068E3
:1018D00040F001000B68186005E00868006840F0FF
:1018E00001000B6818600020C0E700000000014004
:1018F0000004004000080040000C004000040140CB
:1019000000400140001800402DE9F04104460D461A
:10191000002700BF94F83C00012802D10220BDE856
:10192000F081012084F83C0000BF022084F83D00D3
:101930002068866826F0770626F47F462068866051
:101940002868502833D00CDC202850D004DC002834
:101950004BD0102851D149E0302849D040284CD1F3
:1019600039E060282DD0702807D0B0F5805F03D013
:10197000B0F5005F41D10DE041E0D5E902136A689E
:10198000206801F04DFB2068866846F077062068E5
:10199000866034E0D5E902136A68206801F040FBF4
:1019A0002068806840F480402168886027E0EA6809
:1019B0006968206801F048FB5021206801F03BFB7A
:1019C0001DE0EA686968206801F051FB6021206829
:1019D00001F031FB13E0EA686968206801F034FB2C
:1019E0004021206801F027FB09E000BF00BF00BFD5
:1019F0002968206801F01FFB01E0012700BF00BF3C
:101A0000012084F83D0000BF002084F83C0000BFA6
:101A1000384684E7704770B504462068C56820687A
:101A2000066906F00200022819D105F0020002281A
:101A300015D1401F21680861012020772068806946
:101A400000F0030018B12046FFF7E4FF05E0204650
:101A500000F097F8204600F095F80020207706F077
:101A60000400042819D105F00400042815D1C0434E
:101A700021680861022020772068806900F44070A6
:101A800018B12046FFF7C6FF05E0204600F079F8C0
:101A9000204600F077F80020207706F0080008289C
:101AA00019D105F00800082815D1C0432168086144
:101AB000042020772068C06900F0030018B1204698
:101AC000FFF7A8FF05E0204600F05BF8204600F095
:101AD00059F80020207706F01000102819D105F0E1
:101AE0001000102815D1C043216808610820207714
:101AF0002068C06900F4407018B12046FFF78AFFE3
:101B000005E0204600F03DF8204600F03BF80020BC
:101B1000207706F0010048B105F0010030B16FF008
:101B2000010021680861204600F02EF806F08000D0
:101B3000802809D105F08000802805D1C0432168A4
:101B400008612046FFF7A0FD06F04000402809D1BB
:101B500005F04000402805D1C043216808612046B7
:101B600000F042F806F02000202809D105F02000FE
:101B7000202805D1C043216808612046FFF785FD74
:101B800070BD70477047000070B504461149206869
:101B9000884218D110480068B0F5FA7F04D20E4888
:101BA0000068401C0C4908600C4804F039F90646EE
:101BB0000B4804F035F905462946304604F0AAF9E9
:101BC00003F0F2FF05E007492068884201D100F0E8
:101BD0005DFD70BD00140040C8000020D40000204E
:101BE000DC000020000401407047F8B504460D46B3
:101BF000164694F8420020282DD105B10EB90120D7
:101C0000F8BD01202063002060633246294620464B
:101C100001F0FEFC0746206B012819D100BF00200F
:101C2000009020680068009020684068009000BF25
:101C300000BF00BF00BF21680C3151E8001F41F018
:101C4000100021680C3141E80002002AF3D100E0C5
:101C500001273846D4E70220D2E7000070B50446D9
:101C60000D4614492068884209D12A461249204667
:101C700001F023FF1049114801F0D2FF19E010498B
:101C80002068884209D12A460E49204601F015FFF6
:101C90000C490D4801F0C4FF0BE00C492068884254
:101CA00007D129460A4801F0BBFD0949094801F05E
:101CB000B7FF70BD001001409004002078010020A3
:101CC00000480040D0040020C00100200014014062
:101CD000100500200802002010B5044600BF00BF18
:101CE00021680C3151E8001F21F4907021680C31FB
:101CF00041E80002002AF3D100BF00BF00BF216805
:101D0000143151E8001F21F001002168143141E82D
:101D10000002002AF3D100BF206B01280ED100BFC2
:101D200000BF21680C3151E8001F21F0100021682C
:101D30000C3141E80002002AF3D100BF206840695D
:101D400000F04000402820D100BF00BF21681431BE
:101D500051E8001F21F040002168143141E80002E1
:101D6000002AF3D100BFE06B78B10020E16B086579
:101D7000E06BFEF798FC40B1E06BFEF7FEFC20281C
:101D800003D110206064032010BD0020E0852020D6
:101D900084F842000020206300BFF5E710B5044638
:101DA000204601F0D3FE10BD2DE9F84F044620680F
:101DB00005682068C668206847694FF00009CA4670
:101DC00005F00F09B9F1000F0AD105F0200038B174
:101DD00006F0200020B1204601F086FABDE8F88F19
:101DE000B9F1000F7CD007F0010018B906F490702B
:101DF000002875D005F0010030B106F4807018B1EC
:101E0000606C40F00100606405F0040030B107F040
:101E1000010018B1606C40F00200606405F002003F
:101E200030B107F0010018B1606C40F0040060644C
:101E300005F0080048B106F0200010B907F00100D5
:101E400018B1606C40F008006064606C002846D0F7
:101E500005F0200028B106F0200010B1204601F066
:101E600043FA20684069C0F3801A606C00F00800F3
:101E700010B9BAF1000F2DD0204601F0DCF920682E
:101E8000406900F04000402820D100BF00BF216819
:101E9000143151E8001F21F040002168143141E85D
:101EA0000002002AF3D100BFE06B50B17F48E16B24
:101EB0000865E06BFEF74DFC88B1E06B016D88476B
:101EC0000DE02046FFF76AFF09E009E02046FFF732
:101ED00065FF04E02046FFF761FF002060647DE7B6
:101EE000206B012878D105F01000002874D006F08E
:101EF00010000028FAD000BF002000902068006881
:101F0000009020684068009000BF00BF20684069D2
:101F100000F04000402870D1E06B006840681FFA74
:101F200080F8B8F1000F58D0A08D404555DDA4F8D9
:101F30002E80E06BC069B0F5807F43D000BF00BF4A
:101F400021680C3151E8001F21F4807021680C31A8
:101F500041E80002002AF3D100BF00BF00BF2168A2
:101F6000143151E8001F21F001002168143141E8CB
:101F70000002002AF3D100BF00BF00BF2168143166
:101F800051E8001F21F040002168143141E80002AF
:101F9000002AF3D100BF202084F8420000202063F3
:101FA00000BF00BF21680C3151E8001F21F0100074
:101FB00021680C3141E80002002AF3D100BFE06B38
:101FC000FEF771FB02206063A08DE28D801A81B262
:101FD0002046FFF743FE0EE052E0A08D40450AD1B7
:101FE000E06BC069B0F5807F05D102206063A18DF0
:101FF0002046FFF733FEF1E6FFE7A08DE18D401AA2
:102000001FFA80F8E08DD0B3B8F1000F37D000BFD1
:1020100000BF21680C3151E8001F21F49070216845
:102020000C3141E80002002AF3D100BF00BF00BF1D
:102030002168143151E8001F21F00100216814319A
:1020400041E80002002AF3D100BF202084F84200BA
:102050000020206300BF00BF21680C3151E8001F41
:1020600021F0100021680C3141E80002002AF3D170
:1020700000BF0220606341462046FFF7EFFDADE65A
:1020800005F0800030B106F0800018B1204601F064
:102090002BFBA3E605F0400030B106F0400018B17C
:1020A000204601F0FEF899E600BF97E69730000859
:1020B00010B504460CB9012010BDA06900B100E0C4
:1020C00000BF94F8410028B9002084F84000204661
:1020D00000F02AF8242084F841002068C06820F429
:1020E00000502168C860204601F07CF92068006932
:1020F00020F49040216808612068406920F02A009F
:10210000216848612068C06840F400502168C860B8
:1021100000206064202084F8410084F84200002000
:10212000606300BFC8E7000010B586B00446142104
:1021300001A8FEF768F9BC492068884279D100BF40
:1021400000200090B948006840F01000B7490860CE
:102150000846006800F01000009000BF00BF00BFFC
:1021600000200090B1481438006840F00100AF49E9
:10217000143908600846006800F00100009000BFB4
:1021800000BF4FF4C0600190022002900020039035
:10219000032004900720059001A9A548FEF7E4FC60
:1021A000A448A54908604FF0006048600021A2489B
:1021B0008160C1604FF480610161002141618161F2
:1021C0004FF48071C161002101624162FEF7F8FBAA
:1021D00008B1FEF765FA00BF9748E063846300BF6B
:1021E00094487830954908604FF00060486040217D
:1021F000924881600021C1604FF48061016100213B
:1022000041618161C16101624162FEF7D9FB08B1A0
:10221000FEF746FA00BF8948A063846300BF00222E
:1022200011462520FEF736FE2520FEF71FFEF8E0BA
:10223000FFE78349206888427BD100BF00200090DF
:102240007A48001F006840F480207849091F086020
:102250000846006800F48020009000BF00BF00BF67
:102260000020009071481438006840F002006F4967
:10227000143908600846006800F00200009000BFB2
:1022800000BF4FF4406001900220029000200390B4
:10229000032004900720059001A96A48FEF764FC1A
:1022A00069486A4908604FF000604860002167484B
:1022B0008160C1604FF480610161002141618161F1
:1022C0004FF48071C161002101624162FEF778FB29
:1022D00008B1FEF7E5F900BF5C48E063846300BF26
:1022E000594830305A4908604FF00060486040213A
:1022F000574881600021C1604FF480610161002175
:1023000041618161C16101624162FEF759FB08B11F
:10231000FEF7C6F900BF4E48A063846300BF0022E9
:1023200011462720FEF7B6FD2720FEF79FFD78E037
:10233000FFE748492068884273D100BF0020009021
:102340003A48006840F020003849086008460068B4
:1023500000F02000009000BF00BF00BF00200090F0
:1023600032481438006840F00400304914390860DD
:102370000846006800F00400009000BF00BFC020C5
:102380000190022002900020039003200490082076
:10239000059001A93048FEF7E7FB264818382F4979
:1023A00008608005486000212C488160C1604FF4BE
:1023B00080610161002141618161C161016241620D
:1023C000FEF7FEFA08B1FEF76BF900BF2348E063A1
:1023D000846300BF17486030214908604FF02060D7
:1023E000486040211E4881600021C1604FF4806137
:1023F0000161002141618161C16101624162FEF7B9
:10240000DFFA08B1FEF74CF900BF1548A0638463FA
:1024100000BF002211464720FEF73CFD4720FEF793
:1024200025FD06B010BD00000010014044380240F8
:10243000000002404064024050020020B002002030
:1024400000480040000402402860024010030020C1
:10245000700300200014014000080240D003002057
:10246000300400202DE9F84F04460E4617469946E1
:102470004FF0000A94F84200202852D106B117B953
:102480000120BDE8F88F00206064222084F842001B
:1024900000202063FEF770FC8246A785E785A068D0
:1024A000B0F5805F04D1206910B90025B04602E084
:1024B00035464FF000082CE05346002220212046EC
:1024C000CDF8009001F040F920B1202084F84200BE
:1024D0000320D6E745B920684068C0F30800A8F893
:1024E000000008F1020811E0A068B0F5805F03D099
:1024F000A06828B9206918B920684068287004E0ED
:102500002068406800F07F0028706D1CE08D401E40
:10251000E085E08D0028CFD1202084F84200002003
:10252000AFE70220ADE7704770472DE9F84F04464A
:102530000E46174699464FF0000A94F841002028AD
:1025400050D106B117B90120BDE8F88F00206064B2
:10255000212084F84100FEF70FFC8246A784E7841F
:10256000A068B0F5805F04D1206910B90025B0469D
:1025700002E035464FF000081EE05346002280215D
:102580002046CDF8009001F0DFF820B1202084F83B
:1025900041000320D8E745B9B8F80000C0F30800AF
:1025A0002168486008F1020803E028782168486043
:1025B0006D1CE08C401EE084E08C0028DDD1534689
:1025C000002240212046CDF8009001F0BDF820B156
:1025D000202084F841000320B6E7202084F8410041
:1025E0000020B1E70220AFE7F7B50446154694F89E
:1025F000410020283ED1019800B10DB90120FEBD57
:1026000001982062A584E58400206064212084F87C
:1026100041001948A16BC8631848A16B08641848A9
:10262000A16BC8640020A16B086501AE23681A1D68
:1026300031682B46A06BFEF739FA30B11020606488
:10264000202084F841000120D9E76FF04000216884
:10265000086000BF00BF2168143151E8001F41F03D
:1026600080002168143141E80002002AF3D100BF44
:102670000020C4E70220C2E7D13100082932000857
:10268000A93000087047704700BFFEE710B58AB058
:102690002448007E08B90AB010BD07AA08A909A8F5
:1026A00003F0B8FC04461F484476C4B99DED090AFE
:1026B00080ED000A9DED080A80ED010A9DED070AF4
:1026C00080ED020AC069401C1649C8619DED090AE7
:1026D000154880ED0E0A9DED070A80ED0F0A04AA49
:1026E00005A906A800F05CF848B9BDF918000D4925
:1026F0008881BDF91400C881BDF91000088201AAC3
:1027000002A903A800F024F848B9BDF90C00054956
:102710004882BDF908008882BDF90400C88200BF64
:10272000B9E70000F01000202011002010B503F0E0
:102730007DFD0446054844760CB9012000E00020E8
:10274000024908760020C861204610BDF010002024
:102750002DE9FC4104460D4616466B4606223B21F8
:10276000682000F071F90746BFB99DF801009DF897
:10277000001040EA012000B220809DF803009DF87F
:10278000021040EA012000B228809DF805009DF863
:10279000041040EA012000B230803846BDE8FC81D8
:1027A0002DE9FC4104460D4616466B4606224321A0
:1027B000682000F049F90746BFB99DF801009DF86F
:1027C000001040EA012000B220809DF803009DF82F
:1027D000021040EA012000B228809DF805009DF813
:1027E000041040EA012000B230803846BDE8FC8188
:1027F00010B5002210210F48FEF7B8FA0D48006806
:1028000020F4406040F480600A49086000222021E2
:102810000848FEF7ABFA00F00FF801221021054836
:10282000FEF7A4FA00F008F8002210210148FEF794
:102830009DFA10BD000802400A2000BF011EA0F151
:102840000100FBD17047704710B5002210210F48DE
:10285000FEF78CFA0D48006820F4406040F4806078
:102860000A490860012220210848FEF77FFAFFF795
:10287000E3FF012210210548FEF778FAFFF7DCFF9D
:10288000002210210148FEF771FA10BD0008024035
:1028900070B5054600241548006820F440601349CF
:1028A0000860002618E0002210211048FEF75EFAAA
:1028B000FFF7C2FF012210210C48FEF757FA60060D
:1028C000040E20210948FEF749FA08B1601CC4B281
:1028D000FFF7B2FF701CC6B2082EE4DB15B9FFF794
:1028E000B3FF01E0FFF784FF204670BD00080240FF
:1028F00070B504461848006820F4406040F48060D9
:1029000015490860002210211348FEF72FFA002510
:102910001EE0E00928B1012220210F48FEF726FA27
:1029200004E0002220210C48FEF720FA6006040E85
:10293000012210210848FEF719FAFFF77DFF002257
:1029400010210548FEF712FAFFF776FF681CC5B2A2
:10295000082DDEDB70BD00000008024010B51048F5
:10296000006820F4406040F480600D490860012256
:1029700020210B48FEF7FAF9012210210848FEF742
:10298000F5F9FFF759FF002220210548FEF7EEF97F
:10299000FFF752FF002210210148FEF7E7F910BDB2
:1029A0000008024010B51048006820F4406040F470
:1029B00080600D490860002210210B48FEF7D6F90F
:1029C000002220210848FEF7D1F9FFF735FF012248
:1029D00010210548FEF7CAF9012220210248FEF71E
:1029E000C5F9FFF729FF10BD0008024010B500240B
:1029F0001448006820F44060124908600122202138
:102A00001048FEF7B3F9FFF717FF012210210D4818
:102A1000FEF7ACF9FFF710FF07E0601CC4B2FA2C18
:102A200003DDFFF7BFFF012010BD20210548FEF7A1
:102A300095F90028F1D1002210210248FEF796F9FD
:102A40000020F1E7000802402DE9F04106460F465C
:102A500014461D46FFF782FF002141EA4601C8B235
:102A6000FFF746FFFFF7C2FF20B1FFF79BFF0120F2
:102A7000BDE8F0813846FFF73BFFFFF7B7FFFFF7F0
:102A80006DFF012101EB4601C8B2FFF731FFFFF7EF
:102A9000ADFF0DE0012C04D10020FFF7F9FE2870F6
:102AA00003E00120FFF7F4FE2870601EC4B26D1C25
:102AB000002CEFD1FFF776FF0020D9E72DE9F04198
:102AC00005460E4617469846FFF748FF002141EAA3
:102AD0004501C8B2FFF70CFFFFF788FF20B1FFF7F1
:102AE00061FF0120BDE8F0813046FFF701FFFFF7ED
:102AF0007DFF00240CE018F80400FFF7F9FEFFF753
:102B000075FF18B1FFF74EFF0120EBE7601CC4B260
:102B1000BC42F0DBFFF746FF0020E3E708B500BF4B
:102B2000002000902648006840F480002449086096
:102B30000846006800F48000009000BF00BF00BF9E
:102B4000002000900846006840F400100860084625
:102B5000006800F40010009000BF00BF0022114682
:102B60000C20FEF797F90C20FEF780F900221146A1
:102B70000E20FEF78FF90E20FEF778F9002211469D
:102B80003920FEF787F93920FEF770F90022114647
:102B90003A20FEF77FF93A20FEF768F90022114645
:102BA0004520FEF777F94520FEF760F9002211462F
:102BB0004620FEF76FF94620FEF758F908BD0000E1
:102BC0003038024000B587B0142102A8FDF71BFC85
:102BD00000BF002001903348006840F004003149F4
:102BE00008600846006800F00400019000BF00BFC4
:102BF00000BF002001900846006840F08000086097
:102C00000846006800F08000019000BF00BF00BFD0
:102C1000002001900846006840F001000860084666
:102C2000006800F00100019000BF00BF00BF00205D
:102C300001900846006840F00200086008460068FD
:102C400000F00200019000BF00BF002246F2100118
:102C50001548FEF78BF8012220211348FEF786F86D
:102C600046F230000290012003900020049005906D
:102C700002A90D48FDF778FF08200290002003907C
:102C80000120049002A90848FDF76EFF1020029071
:102C9000002003900120049002A90448FDF764FF7E
:102CA00007B000BD3038024000080240000002407A
:102CB0001CB50020009001900E480F490860532079
:102CC000486000210C48816040F2E731C16000217A
:102CD0008161FEF735FD08B1FDF7E2FC00200090B0
:102CE000019069460448FEF7D1FC08B1FDF7D8FC15
:102CF0001CBD000000140040E800002000B587B0B3
:102D000000200390049005900690019002901548D1
:102D100015490860A720486000211348816042F2ED
:102D20000F71C16000210161416180218161FEF765
:102D300007FD08B1FDF7B4FC4FF48050039003A9E0
:102D40000948FEF7E1FD08B1FDF7AAFC002001905B
:102D5000029001A90448FEF799FC08B1FDF7A0FC18
:102D600007B000BD000401403001002010B50B4841
:102D70000B4908604FF461204860002108488160D9
:102D8000C16001610C21416100218161C161FFF7D6
:102D90008FF908B1FDF784FC10BD00000010014060
:102DA0007801002010B50B480B4908604FF46120F2
:102DB0004860002108488160C16001610C214161C7
:102DC00000218161C161FFF773F908B1FDF768FC6B
:102DD00010BD000000480040C001002010B50B48A5
:102DE0000B4908604FF4E1304860002108488160D9
:102DF000C16001610C21416100218161C161FFF766
:102E000057F908B1FDF74CFC10BD0000001401405B
:102E10000802002000BFFEE700BFFEE770477047D2
:102E200010B5FDF7AFFF10BD00B593B0302107A876
:102E3000FDF7E9FA142102A8FDF7E5FA00BF00202A
:102E400001902448006840F08050224908600846FC
:102E5000006800F08050019000BF00BF00BF00205C
:102E600001901D48006840F480401B4908600846F6
:102E7000006800F48040019000BF00BF012007906F
:102E80000004089002200D9041050E9104210F913D
:102E9000A8211091022111910421129107A8FEF797
:102EA0008BF908B1FDF7FCFB0F2002900220039084
:102EB000002004904FF4A05005904FF480500690ED
:102EC000052102A8FEF738F808B1FDF7E9FB13B0B9
:102ED00000BD000040380240007000400348006818
:102EE00040F47000014908607047000088ED00E080
:102EF00010B50248FEF78FFD10BD0000E80000206D
:102F000010B50248FEF787FD10BD0000300100201B
:102F100010B50248FEF77FFD10BD00003001002013
:102F200010B50248FEF777FD10BD0000300100200B
:102F300010B50248FEF76FFD10BD00003001002003
:102F400010B502682B4B98420ED0B0F1804F0BD0D9
:102F5000294B984208D0294B984205D0284B9842DB
:102F600002D0284B984203D122F070024B681A43DA
:102F7000204B984220D0B0F1804F1DD01E4B98427C
:102F80001AD01E4B984217D01D4B984214D01D4B9F
:102F9000984211D01C4B98420ED01C4B98420BD03B
:102FA0001B4B984208D01B4B984205D01A4B9842B5
:102FB00002D01A4B984203D122F44072CB681A43D4
:102FC00022F080034C6943EA04028B68C3620B68F9
:102FD0008362084B984202D00A4B984201D10B6998
:102FE0000363036843F00403036001234361026049
:102FF00010BD000000000140000400400008004037
:10300000000C004000040140004001400044014029
:103010000048014000180040001C00400020004013
:1030200030B50C46816821F47F4142EA03252543EF
:103030002943816030BD0A46816821F0700142F069
:10304000070319438160704730B50B461446026A86
:10305000056A25F001050562816921F0F00141EA68
:10306000041122F00A021A438161026230BD30B5B8
:103070000B461446026A056A25F01005056281694F
:1030800021F4704141EA043122F0A00242EA031225
:103090008161026230BD70B50446A56B0020E885F1
:1030A0002846FEF77BFE70BD70B506460025B46B62
:1030B00020684069C0F3C01594F84100212805D16B
:1030C00025B10020E084204600F0FBF8206840692C
:1030D000C0F3801594F84200222805D125B10020C4
:1030E000E085204600F0A7F8606C40F010006064B6
:1030F0002046FEF753FE70BD70B50546AC6B2868E0
:10310000006800F48070002842D1E08500BF00BF55
:1031100021680C3151E8001F21F4807021680C31C6
:1031200041E80002002AF3D100BF00BF00BF2168C0
:10313000143151E8001F21F001002168143141E8E9
:103140000002002AF3D100BF00BF00BF2168143184
:1031500051E8001F21F040002168143141E80002CD
:10316000002AF3D100BF202084F84200206B012800
:103170000ED100BF00BF21680C3151E8001F21F0C3
:10318000100021680C3141E80002002AF3D100BF91
:1031900000206063206B012804D1A18D2046FEF73A
:1031A0005DFD02E02046FFF7BEF970BD70B5054633
:1031B000AC6B01206063206B012805D1A08D410814
:1031C0002046FEF74BFD02E02046FFF7ADF970BD4B
:1031D00070B50546AC6B2868006800F48070F8B9DB
:1031E0000020E08400BF00BF2168143151E8001FB7
:1031F00021F080002168143141E80002002AF3D157
:1032000000BF00BF00BF21680C3151E8001F41F032
:10321000400021680C3141E80002002AF3D102E0AD
:103220002046FFF72FFA70BD70B50446A56B2846FF
:10323000FFF729FA70BD00BF00BF02680C3252E8E8
:10324000002F22F4907102680C3242E80013002B28
:10325000F3D100BF00BF00BF0268143252E8002F54
:1032600022F001010268143242E80013002BF3D16E
:1032700000BF016B01290ED100BF00BF02680C32F4
:1032800052E8002F22F0100102680C3242E80013CD
:10329000002BF3D100BF202180F8421000210163F0
:1032A000704710B504462068C06820F040002168CF
:1032B000C860202084F841002046FFF7E3F9002091
:1032C00010BD00BF00BF02680C3252E8002F22F090
:1032D000C00102680C3242E80013002BF3D100BF9A
:1032E000202180F841107047F8B5044600250026DB
:1032F00094F84200222873D1A068B0F5805F0BD10A
:10330000206948B9A66A20684068C0F30800308088
:10331000A06A801CA06214E0A56AA068B0F5805F76
:1033200003D0A06828B9206918B9206840682870BF
:1033300004E02068406800F07F002870A06A401C0C
:10334000A062E08D401E80B2E085002846D1206852
:10335000C06820F020002168C8602068C06820F4A0
:1033600080702168C8602068406920F001002168F1
:103370004861202084F8420000206063206B01280F
:1033800026D10020206300BF00BF21680C3151E826
:10339000001F21F0100021680C3141E80002002AD2
:1033A000F3D100BF2068006800F0100010280AD197
:1033B00000BF0020009020680068009020684068EE
:1033C000009000BF00BFA18D2046FEF747FC02E041
:1033D0002046FFF7A8F80020F8BD01E00020FBE739
:1033E0000220F9E72DE9F84F04462068006920F42F
:1033F0004050E1680843216808612169A0680843DA
:1034000061690843E169084300902068C06849F297
:103410000C618843009908432168C86020684069AE
:1034200020F44070A169084321684861764920680A
:10343000884203D075492068884203D1FDF754FEC5
:10344000814602E0FDF740FE8146E069B0F5004F9D
:103450006CD102206168A0FB015003461920A9FB32
:10346000007001462A463846FCF7FEFE6421B0FB98
:10347000F1F04FEA001A02206168A0FB01510B46EF
:103480001920A9FB00712A463846FCF7EDFE834659
:1034900002206168A0FB015003461920A9FB0071BE
:1034A0002A463846FCF7E0FE6421B0FBF1F000EB61
:1034B000C00101EB0010ABEB8000322101EBC0003A
:1034C0006421B0FBF1F000F0F8000AEB400A0220A2
:1034D0006168A0FB015003461920A9FB007001465A
:1034E0002A463846FCF7C0FE834602206168A0FBEE
:1034F000015003461920A9FB00712A463846FCF703
:10350000B3FE6421B0FBF1F000EBC00101EB001051
:10351000ABEB8000322101EBC0006421B0FBF1F085
:1035200000F007005044216888606AE00420616868
:10353000A0FB015003461920A9FB007001462A4652
:103540003846FCF791FE824604206168A0FB0150DA
:1035500003461920A9FB007001462A463846FCF7AD
:1035600083FE6421B0FBF1F000EBC00101EB001021
:10357000AAEB8000322101EB00106421B0FBF1F0D6
:1035800000F0F00A04206168A0FB017003461920D6
:10359000A9FB00513A462846FCF766FE6421B0FBC1
:1035A000F1F00AEB001A04206168A0FB01510B4600
:1035B0001920A9FB00712A463846FCF755FE8346C0
:1035C00004206168A0FB015003461920A9FB00708C
:1035D00001462A463846FCF747FE6421B0FBF1F06D
:1035E00000EBC00101EB0010ABEB8000322101EBDE
:1035F00000106421B0FBF1F000F00F00504421688E
:103600008860BDE8F88F0000001001400014014000
:1036100077B581B0044615460298A062A5850020C2
:103620006064222084F842002C48E16BC8632C4877
:10363000E16B08642B48E16BC8640020E16B08650E
:1036400002AE32682368191D2B46E06BFDF72EFA97
:1036500038B110206064202084F84200012004B0BA
:1036600070BD00BF002000902068006800902068B6
:103670004068009000BF00BF206970B100BF00BF6C
:1036800021680C3151E8001F41F4807021680C3131
:1036900041E80002002AF3D100BF00BF00BF21684B
:1036A000143151E8001F41F001002168143141E854
:1036B0000002002AF3D100BF00BF00BF216814310F
:1036C00051E8001F41F040002168143141E8000238
:1036D000002AF3D100BF0020C1E70000F930000844
:1036E000AD310008A9300008014691F841002128B9
:1036F00028D18868B0F5805F0BD1086948B90A6A9B
:103700001088C0F308000B685860086A801C0862C3
:1037100005E00B6A581C086218780B685860C88C62
:10372000401E80B2C88458B90868C06820F0800084
:103730000B68D8600868C06840F040000B68D8602B
:10374000002070470220FCE72DE9F84304460D46AF
:1037500017469846089E31E0701C70B3FDF70CFBCD
:10376000A0EB0800B04200D816B90320BDE8F883EA
:103770002068C06800F00400F8B1802D1ED0402DF4
:103780001CD020680068C0F3C000B0B100BF0020AA
:10379000009020680068009020684068009000BF9A
:1037A00000BF2046FFF747FD0820606400BF0020EF
:1037B00084F8400000BF0120D8E7FFE720680068D8
:1037C0002840A84201D1012000E00020B842C3D027
:1037D0000020CBE710B50248FEF7E6FA10BD000066
:1037E0007801002010B50248FEF7DEFA10BD000097
:1037F000C001002010B50248FEF7D6FA10BD000047
:103800000802002000BFFEE710B50348FEF728F8C5
:103810000248FEF725F810BDE80000203001002026
:103820002DE9FC4105460E46002428E0285DAA2823
:1038300023D1601C285C55281FD10027022004E0FA
:103840002118695C3944CFB2401C0A28F8DB04F126
:103850000A00285CB8420FD1A01C284400680190DF
:10386000A01D284400680090DDED000A9DED010ACE
:1038700001F07AF8BDE8FC8100BF601C84B204F15D
:103880000B00B042D2DD00BFF4E70000014608485B
:10389000814201D1074870470748814201D107485A
:1038A000F9E70748814201D10648F4E70020F2E732
:1038B0007801002050090020C0010020700900207C
:1038C00008020020900900202DE9FF5F2DED020B7A
:1038D0002DED028B884691461E46B0EE408AF0EEF2
:1038E000608ADDE912AB0498FFF7D0FF0446B2EE20
:1038F000040A28EE000AB5EEC00AF1EE10FA04DD63
:10390000B2EE040A28EE000A03E0B2EE040A28EE42
:10391000400ABCEEC00A10EE100A87B2B2EE040AEA
:1039200028EE800AB5EEC00AF1EE10FA04DDB2EE20
:10393000040A28EE800A03E0B2EE040A28EEC00A68
:10394000BCEEC00A10EE105A24B9BDEC028B06B0D2
:10395000BDE8F09F84F80080FD20607084F802903C
:103960003012E07026714FEA2A20607184F806A0B8
:103970003812E0712772280E6072280CA072280A93
:10398000E072257384F80DB01498A0736B20E07377
:1039900010222146049800F002F800BFD5E770B568
:1039A00004460D46164604B105B970BD94F84100B1
:1039B000202800D0F9E7324629462046FEF714FEBB
:1039C00000BFF2E72DE9F0472DED028B81460F464F
:1039D00090461D46B0EE408ADDF828A04846FFF725
:1039E00055FF0446B2EE040A28EE000AB5EEC00AFE
:1039F000F1EE10FA04DDB2EE040A28EE000A03E04C
:103A0000B2EE040A28EE400ABCEEC00A10EE100A1C
:103A100086B21CB9BDEC028BBDE8F0872770F6209A
:103A2000607084F802802812E07025713012607195
:103A3000A67184F807A06B2020720922214648460F
:103A4000FFF7ADFF00BFE5E708B500BF002100911B
:103A500001680968009101684968009100BF00BFD2
:103A600000BF002100910168096800910168496860
:103A7000009100BF00BF00BF0021009101680968EC
:103A8000009101684968009100BF00BF00BF00219C
:103A9000009101680968009101684968009100BFC0
:103AA00000BF00BF00210091016809680091016812
:103AB0004968009100BF00BF08BD2DE9F041804674
:103AC0000D461646002423E00027601C285C35289C
:103AD00002D0362804D101E0062704E0082702E0DE
:103AE000601C84B214E000BFE019B04201DDBDE803
:103AF000F081E019401E285C6B2806D12919404648
:103B000000F00CF8E01984B201E0601C84B200BF40
:103B1000A01CB042D8DD00BFE9E7000070B5044644
:103B20000D4608480068A04203D10649284600F027
:103B3000F7F805480068A04203D10349284600F081
:103B4000EFF870BD200000204800002010B50446AA
:103B5000606C194908602046FFF776FF2046FEF7A3
:103B6000BBF816492068884209D115480068401CF6
:103B7000134908601349144800F052F81AE0134939
:103B80002068884209D112480068401C104908602A
:103B90001049114800F044F80CE0104920688842B0
:103BA00008D10F480068401C0D4908600D490E48B7
:103BB00000F036F810BD00001C000020001001408D
:103BC00010000020900400207801002000480040F0
:103BD00014000020D0040020C00100200014014087
:103BE00018000020100500200802002010B506492A
:103BF000064800F015F80649064800F011F8064995
:103C0000064800F00DF810BD900400207801002057
:103C1000D0040020C0010020100500200802002070
:103C200070B504460D46402229462046FDF7DDFFCB
:103C300038B9E06B0068006820F00800E16B0968A3
:103C4000086070BDF0B52DED028B83B0044620688E
:103C500008B932482060208A10B94FF47A70208267
:103C6000607910BB94ED020AB5EEC00AF1EE10FACD
:103C700001DA012000E000200546D4ED020AB0EE92
:103C8000600A204600F0C8F8B0EE408A204600F0F6
:103C9000F9F80646002000902179B0EE480A334634
:103CA0002A462068FFF78EFE34E094ED030AB5EE55
:103CB000C00AF1EE10FA01DA012000E0002005460A
:103CC000D4ED020AB0EE600A204600F0A5F8B0EE8E
:103CD000408AD4ED030AB0EE600A204600F0E4F812
:103CE000F0EE408A204600F0CDF80646204600F06F
:103CF000C9F8074600200121CDE900610290217931
:103D0000F0EE680AB0EE480A3B462A462068FFF704
:103D1000DBFD00BF03B0BDEC028BF0BD78010020DD
:103D200070B52DED028B04460D4620782979884226
:103D300065D16078352802D036285ED130E06079D0
:103D40006B282CD1A078012803D1FF202D490870C1
:103D500002E001202B4908702B48B4F803100180C1
:103D6000008803F076FD00EE100AB8EE400ADFEDA1
:103D7000270A20EE200AF1EE080A20EE208A2846C3
:103D800000F088F8C8EE000A1E4890F9000000EE26
:103D9000100AB8EEC00A20EE800A85ED050A2DE073
:103DA000E0796B2828D1A078012803D1FF20184999
:103DB000087002E00120164908701648D4F8031074
:103DC0000160006803F04DFD00EE100AB8EE400AF5
:103DD000DFED0E0A20EE208A284600F05BF8C8EEE0
:103DE000000A0B4890F9000000EE100AB8EEC00A75
:103DF00020EE800A85ED060A00E000BF00BFBDECA2
:103E0000028B70BD7000002072000020CDCCCC3D34
:103E1000740000207800002010B52DED028B0446C0
:103E2000B0EE408A204600F035F8B5EEC08AF1EEDB
:103E300010FA02DDF0EE480A01E0F1EE480A60EE09
:103E4000200AB1EE081A80EE810ABDEC028B10BD8B
:103E50007CB504460D4620798DF80000F3208DF8DE
:103E60000100AB208DF802008DF8035000208DF882
:103E700004006B208DF80500062269462068FEF7D5
:103E8000B3FB7CBD0146088A10B94FF47A707047C5
:103E9000088AFCE7416A11B9B7EE000A704790ED55
:103EA000090AB8EE400AF9E710B52DED028B044679
:103EB000B0EE408A2046FFF7EDFFB5EEC08AF1EE86
:103EC00010FA02DDF0EE480A01E0F1EE480A20EEB9
:103ED000200ABDEC028B10BD0022427180ED020A67
:103EE00011B94FF47A7200E00A460282704700006E
:103EF00070B505460E4600242A792146641C0F48F9
:103F0000425411222146641C425418222146641C4A
:103F1000425436222146641C425432122146641C0B
:103F200042542146641C46546B222146641C425470
:103F3000224602492868FEF757FB70BD7C0000202E
:103F400003B401984100009850EAC12018BF042032
:103F50004A0D18BF40F0010040F2FF72B2EB515F12
:103F600008BF40F00200012808BF052002B07047DA
:103F700002480068C0F30220704700000CED00E02A
:103F800010B5002804DB0A07130E054A135406E097
:103F90000A07140E034A00F00F031B1FD45410BD70
:103FA00000E400E018ED00E070B5C1482DED020B13
:103FB0002DED0E8B82B0119D25F000449FEDBEDBF0
:103FC0009FEDBFEB84423EDBA4F140511098A1F17C
:103FD0007F6108430FD0BC48844202DC28D110988E
:103FE00030B39DED100B02B0BDEC0E8B02B0BDE8FE
:103FF000704000F07BBC9DED100B53EC1D2B51EC81
:10400000100B03F04DFF9DED100B41EC180B53EC22
:104010001E2B51EC100B03F043FF53EC182B03F055
:10402000BBFC41EC100B02B0BDEC0E8B02B070BDBE
:104030000120FCF717FA02B0BDEC0E8B02B0BDE810
:10404000704000F069BCA1489FEDA18B844256DA14
:104050009DED100BB4F1795F0ADA51EC100BFFF70C
:104060006FFF042808BF00F067FC9DED100BDAE736
:1040700053EC102B51EC100B03F012FF41EC190B19
:1040800095480621B0EE490AF0EE690A784400F03E
:10409000B1FB53EC192B51EC100B03F001FF41EC79
:1040A0001A0B8E48B0EE490AF0EE690A04217844F2
:1040B00000F0A0FB53EC192B51EC100B03F0F0FEB9
:1040C00053EC182B03F068FC41EC100B51EC1A0B6D
:1040D00053EC102B03F014FDCDE900019DED000B16
:1040E00053EC102B9DED100B51EC100B03F0D8FE90
:1040F0009DED101B53EC112B03F04EFCD2E09DED17
:10410000100B51EC100B01F007FB53EC182B03F0D4
:10411000C5FF9FED730BCDE9000153EC102B9DED16
:10412000000B51EC100B03F0BBFE41EC190B6E4879
:104130000621B0EE490AF0EE690A784400F05AFB15
:1041400053EC192B51EC100B03F0AAFE41EC1B0BA6
:104150006648B0EE490AF0EE690A0421784400F09E
:1041600049FB53EC192B51EC100B03F099FE53EC67
:10417000182B03F011FC41EC1C0B51EC190B03F054
:1041800031FB41EC180B5A489FED5BABA04222DC9F
:1041900053EC1C2B51EC1B0B03F0B2FCCDE90001DE
:1041A0009DED000B51EC180B53EC102B03F078FE37
:1041B00053EC182B03F0F0FB53EC1A2B03F070FEBA
:1041C00053EC1D2B04F042F853EC1E2B03F066FF5A
:1041D00041EC100B5FE08DED008B002000909DED19
:1041E000000B51EC180B53EC102B03F0D5FB9DED9D
:1041F000000B41EC1E0B53EC102B51EC100B03F099
:104200004FFE53EC192B03F049FF53EC1E2B03F028
:1042100077FC41EC190B53EC1C2B51EC1B0B03F0FE
:104220006FFC41EC1B0B53EC1A2B51EC190B03F0F8
:1042300037FE53EC1D2B03F031FF41EC190B53EC0F
:104240001A2B51EC180B03F02BFE53EC1B2B03F035
:1042500027FE53EC192B03F0F9FF9DED000B41EC09
:10426000180B53EC1A2B51EC100B03F019FE9FEDB9
:10427000249B53EC192B03F011FF41EC100B51EC74
:10428000180B53EC102B03F0E1FF53EC192B03F048
:1042900005FF41EC100B002D3FF7C5AE51EC100BA4
:1042A00003F03CFB41EC100BBDE6000000000000F9
:1042B0000000F03F00000000075C143326A6913C8C
:1042C000182D4454FB21F93F0000F07F0000E03F2F
:1042D000000000000000F03F005100000E510000FF
:1042E000000000000000E03F52500000605000005D
:1042F0003333EF3F000000000000000000000040EA
:10430000182D4454FB21E93F70B59B482DED020B5D
:104310002DED068B079D25F00044A04218DC974840
:10432000844202DC0AD1069840B19DED060BBDEC3B
:10433000068B02B0BDE8704000F0D8BA002DCCBFAB
:104340009FED8F0B9FED900BBDEC068B02B070BD07
:104350008F48A04215DD8F48A042D8BF4FF0FF34F0
:1043600058DD9DED060B51EC100BFFF7E9FD04281D
:1043700008BF00F0E1FA9DED060BBDEC068B02B024
:1043800070BD9DED060B51EC100B01F0C5F9CDE9A8
:10439000060181489FED828BA0423CDD8248A0420D
:1043A0001FDD00249FED82AB9DED060B53EC1A2B15
:1043B00051EC100B03F0F0FA9DED060B41EC190BDC
:1043C00053EC1A2B51EC100B03F06AFD53EC182B35
:1043D00003F03CFF53EC192B03F092FBCDE90601EF
:1043E00049E09DED060B012453EC182B51EC100B0A
:1043F00003F0D2FA9DED060B41EC190B53EC182B90
:1044000051EC100B03F022FF53EC192B03F078FB57
:10441000CDE906012FE06848A0421FDD02249FED90
:10442000689B9DED060B53EC192B51EC100B03F020
:1044300037FD53EC182B03F0AFFA9DED060B41EC62
:10444000180B53EC192B51EC100B03F0FFFE53EC3F
:10445000182B03F055FBCDE906010CE09DED060B92
:10446000032453EC102B9FED580B51EC100B03F071
:1044700047FBCDE906019DED060B53EC102B51ECEB
:10448000100B03F00DFD41EC180B53EC182B03F04F
:1044900007FD41EC190B4E480621B0EE490AF0EE3B
:1044A000690A784400F0A6F953EC182B51EC100B74
:1044B00003F0F6FC41EC180B4648B0EE490AF0EE6A
:1044C000690A0521784400F095F953EC192B51EC59
:1044D000100B03F0E5FC41EC100B51EC180B53EC06
:1044E000102B002C0EDA03F057FA9DED061B53EC4F
:1044F000112B03F0D5FC9DED061B53EC112B03F0A3
:10450000CDFD35E003F048FA9DED061B53EC112B71
:1045100003F0C6FC41EC100B2F48784400EBC400BC
:1045200090ED001B51EC100B53EC112B03F08EFEA1
:104530009DED061B53EC112B03F088FE41EC100B94
:104540002648784400EBC40090ED001B51EC100BA2
:1045500053EC112B03F0A2FD41EC100B002DA2BF78
:10456000BDEC068B02B070BD51EC100B03F0D6F918
:1045700041EC100B01E70000000010440000F07F48
:10458000182D4454FB21F93F182D4454FB21F9BF49
:104590000000DC3F0000203E0000F33F0000000070
:1045A000000000000000F03F0000E63F00000000B7
:1045B00000000000000000400080034000000000F8
:1045C000000000000000F83F000000000000F0BF05
:1045D000A24D0000584D0000E24C00009A4C000033
:1045E00070B56F4E2DED040B2DED048B82B0DDF810
:1045F00024C0DDE907235C422CF000411C4341EA62
:10460000D474069D22F00040B44205D86C422C437D
:1046100040EAD474B4420BD99DED081B9DED060B06
:1046200002B0BDEC048B04B0BDE8704000F068B986
:10463000ACF14054A4F17F641C430BD0022404EA83
:10464000AC7444EAD27405439FED578B9FED582B11
:1046500007D015E09DED060B51EC100B00F07CF936
:1046600042E0002C11BF012C9DED060B02B0BDEC09
:10467000048B04BF04B070BD022C38D0032C3BD097
:104680000B439FED4D1B9FED4E0B0AD0B14218D14D
:10469000B04209D121F0804120F08040099107907B
:1046A0000FE0002A15DA10E0474B7B44002C08BFCE
:1046B00093ED000B0DD0012C10D0022C17D0032C41
:1046C0001AD0B0421DD1002A03DAB0EE410AF0EE52
:1046D000610A02B0BDEC048B04B070BD93ED000B19
:1046E00051EC100B03F01AF941EC100BF1E7B0EEAE
:1046F000480AF0EE680AECE7B0EE420AF0EE620A11
:10470000E7E7401A00159FED329B3C28C8BF8DEDAE
:10471000000B17DCBCF1000FBCBF10F13C0F8DED9E
:10472000009B0FDB9DED080B53EC102B9DED060B52
:1047300051EC100B03F0E4F900F0EEFF00F00CF97F
:10474000CDE90001B4B1012C10D0022C9FED220B59
:1047500053EC102B9DED000B51EC100B19D003F016
:1047600075FD53EC182B03F071FDBDE7019880F047
:10477000004001909DED000B53EC192B51EC100BF8
:1047800003F016FB04BF0220FBF76CFE9DED000B4F
:104790009FE703F05BFD53EC182B03F07FFCA3E7CE
:1047A0000000F07F00000000182D4454FB21094058
:1047B000182D4454FB2109C0182D4454FB21F9BF86
:1047C000182D4454FB21F93FCA4B000000000000A3
:1047D0000000000000000000075C143326A6A13C86
:1047E0002DED020B019820F0004001909DED000B93
:1047F00002B0704770B504462DED028B4D1E00EBE4
:10480000C500B0EE408AF0EE608A90ED000B35F006
:10481000060017D053EC182B51EC100B03F040FBA3
:1048200041EC100B6D1E04EBC50090ED001B51EC2C
:10483000100B53EC112B03F0AFF841EC100B35F0DB
:104840000600E7D1022D36D0042D1CD0062D1CBF4A
:10485000BDEC028B70BD53EC182B51EC100B03F028
:104860001FFB94ED0A1B53EC112B03F095F853EC4E
:10487000182B03F015FB94ED081B53EC112B03F0E0
:104880008BF841EC100B53EC182B51EC100B03F090
:1048900007FB94ED061B53EC112B03F07DF853EC52
:1048A000182B03F0FDFA94ED040B53EC102B03F0DE
:1048B00073F841EC100B53EC182B51EC100B03F078
:1048C000EFFA94ED021B53EC112B03F065F853EC57
:1048D000182B03F0E5FA94ED001B53EC112B03F0B9
:1048E0005BF8BDEC028B41EC100B70BD10B553ECC6
:1048F000102B51EC100B03F04FF841EC100B10BDD6
:1049000010B553EC112B51EC100B03F045F841ECB2
:10491000100B10BD000000009FED050B10B553EC0F
:10492000102B51EC100B03F0EBF841EC100B10BD09
:1049300000000000000000009FED050B10B553ECD7
:10494000102B51EC100B03F0ABFA41EC100B10BD27
:10495000000000000000001010B541EC100BFFF744
:10496000D3FC51EC100B10BD1D4880ED0C0AC0EDBE
:104970000D0AB5EEC00AF1EE10FA04D1F5EEC00A48
:10498000F1EE10FA02D0002016490860B0EEC01A0D
:10499000F2EE041AB4EEE11AF1EE10FA1CD2B0EE07
:1049A000E01AF2EE041AB4EEE11AF1EE10FA13D2A4
:1049B000B5EEC00AF1EE10FA04D1F5EEC00AF1EE40
:1049C00010FA09D008480078FF2808DA064800786D
:1049D000401C0549087002E0002003490870704738
:1049E00020110020C8000020CC00002010B52DEDC3
:1049F000028B0446F0EE408AA068401CA060E16A89
:104A000088420BD30020A06094ED0C0AF0EE400A1F
:104A1000B0EE680A04F1A00002F0FAFB94ED3A8AC5
:104A20000548018AB0EE480AFFF756FA0248FFF738
:104A300009F9BDEC028B10BD4800002010B52DED2A
:104A4000028B0446F0EE408A6068401C6060A16AF8
:104A500088420BD30020606094ED0D0AF0EE400A0E
:104A6000B0EE680A04F1540002F0D2FB94ED278AFC
:104A7000184890ED060ADFED180AB4EEE00AF1EEF0
:104A800010FA04DDB5EEC08AF1EE10FA0EDC114822
:104A900090ED060AFBEE0E0AB4EEE00AF1EE10FA13
:104AA0000BD2B5EEC08AF1EE10FA06D200219FEDCE
:104AB0000B0A0848FFF710FA06E04FF47A71B0EEDF
:104AC000480A0448FFF708FA0248FFF7BBF8BDECB4
:104AD000028B10BD200000200000484200000000B2
:104AE0002DE9F0410446E07800F0C006E07800F0DF
:104AF0003F05607800F0010098B1EF102846E917F3
:104B000005EB5171C910A5EBC101491C01F0FF086B
:104B10000B48006820B10A48414602683846904771
:104B200000BF607800F0080030B10548406818B157
:104B3000B011034A516888470020BDE8F0810000A9
:104B40001011002038B5044664B120208DF8000013
:104B500028208DF8010030208DF8020038208DF8D3
:104B6000030004E0A32204216846FBF744FC6A46E4
:104B7000042140F69E2002F00BFB01F0A5FE38BD9B
:104B80003EB5044602208DF80000CA208DF80100D1
:104B9000E3208DF8020009208DF803006A46042105
:104BA000682002F0F5FAA3208DF8000004F0400020
:104BB00048B1C0208DF80100C8208DF80200C22045
:104BC0008DF8030006E0A3208DF801008DF80200A7
:104BD0008DF8030004F4C07048B1C4208DF80400BF
:104BE000CC208DF80500C6208DF8060006E0A32035
:104BF0008DF804008DF805008DF80600A3208DF8CF
:104C000007008DF808008DF809006A460A2140F671
:104C1000A72002F0BDFA04F0030018B120208DF89F
:104C2000000002E0D8208DF800006A46012140F61D
:104C3000B62002F0ADFA04F0200018B1012000F017
:104C4000ADF802E0002000F0A9F804F4C07008B349
:104C500004F4807060B1B2208DF800008B208DF8D4
:104C60000100B6208DF802009B208DF803000BE0B8
:104C7000B0208DF8000080208DF80100B4208DF860
:104C8000020090208DF803006A46042140F6A2201D
:104C900002F07EFA04F0010020B3F8208DF8000045
:104CA0006A4601214FF40B6002F072FAFA210720E4
:104CB00000F02CFC072000F0F3FB012000F013FCB7
:104CC000642000F003FD4FF4FA7000F012FDC821DB
:104CD000304800F0A3FB282000F0BCFB0A2000F0C5
:104CE000CCFB08E0D8208DF800006A4601214FF483
:104CF0000B6002F04DFA04F0020018B1D9208DF8D3
:104D0000000002E0D8208DF800006A46012140F240
:104D10003D7002F03DFA04F0040018B1012000F0EB
:104D200069F802E0002000F065F804F0100018B106
:104D30000120FFF707FF02E00020FFF703FF44F028
:104D400008001549488101F0BFFD00201249887311
:104D500004F0400018B10846807B801D887304F47D
:104D6000C07020B10C48807B801D0B49887304F013
:104D7000140020B10848807B10300749887304F084
:104D8000030020B10448807B001D03498873002084
:104D90003EBD000009E3CA02101100203EB50446E2
:104DA0006CB10EA1D1E900208968CDE90020029103
:104DB0006A4609214FF4976002F0EAF93EBD0AA263
:104DC000D2E900109268CDE9010200916A460921FA
:104DD0004FF4976002F0DCF9F0E70000B8AAB38D59
:104DE000B4980D355D000000B8AAAAAAB088C3C562
:104DF000C700000038B5044664B1C0208DF800003B
:104E0000C2208DF80100C4208DF80200C6208DF864
:104E1000030004E08B2204216846FBF7ECFA6A46A3
:104E2000042140F6982002F0B3F901F04DFD38BDA1
:104E300010B5C8234FF48062024940F6F63001F005
:104E4000B9FB10BD988500082DE9F04F8DB00746DD
:104E5000884615469946DDE9166B0024002030800F
:104E60006B49887B5A4605A901F08EFC18B1601E7B
:104E70000DB0BDE8F08F6648807A00F0140000287D
:104E800067D09DF8140000069DF8151040EA014017
:104E90009DF8161040EA01209DF81710084328607D
:104EA0009DF8180000069DF8191040EA01409DF891
:104EB0001A1040EA01209DF81B10084368609DF815
:104EC0001C0000069DF81D1040EA01409DF81E10D0
:104ED00040EA01209DF81F100843A8609DF82000BB
:104EE00000069DF8211040EA01409DF8221040EA9A
:104EF00001209DF823100843E86004F11000C4B2BB
:104F0000286800140190686800140290A8680014D2
:104F10000390E8680014049001984043029901FB53
:104F20000100039901FB0100049901FB010ABAF198
:104F3000706F02DBBAF1885F05DD01F0C5FC00206F
:104F40003080401E94E7B6F9000040F48070308055
:104F500000BF2F48807A00F0400020B305A9601CF4
:104F6000085C095D40EA012000B2A8F8000005A92C
:104F7000E01C095C05AAA01C105C41EA002000B2FC
:104F8000A8F8020005A9601D095C201D105C41EA1B
:104F9000002000B2A8F80400A01DC4B2B6F90000B9
:104FA00040F0080030801A48408900F4C07008B30F
:104FB00005A9601C085C095D40EA012000B2388048
:104FC00005A9E01C095C05AAA01C105C41EA0020B0
:104FD00000B2788005A9601D095C201D105C41EAC3
:104FE000002000B2B880A01DC4B2B6F9000040F0A5
:104FF000700030800648807A00F0030018B105A9DF
:105000000819FFF76DFD484600F0C4FF00202FE7A8
:105010001011002070B588B0064601A801F07CF997
:10502000BDF804000021C90341EA5045C4034448C7
:10503000007A00F0030056F8200005904048007AFE
:1050400000F0040010B10598404205903C48007AF9
:10505000C0F3C10056F8200006903948007A00F0ED
:10506000200010B10698404206903548007AC0F3FF
:10507000811056F8200007903148008900F48070B4
:1050800010B10798404207900598C117A0FB042370
:1050900001FB043100FB0510810041EA927005908C
:1050A0000698C117A0FB042301FB043100FB051087
:1050B000810041EA927006900798C117A0FB042373
:1050C00001FB043100FB0510810041EA927007905A
:1050D0000598000E8DF808000598000C8DF8090061
:1050E0000598000A8DF80A000598C0B28DF80B00EB
:1050F0000698000E8DF80C000698000C8DF80D0037
:105100000698000A8DF80E000698C0B28DF80F00C0
:105110000798000E8DF810000798000C8DF811000C
:105120000798000A8DF812000798C0B28DF8130096
:1051300002AA0C214FF4257002F02AF808B070BDC5
:105140001011002030B585B0044616A207CA02AB84
:1051500007C3C82C03DD4FF0FF3005B030BDC820B9
:1051600090FBF4F0401E85B2280A8DF80000E8B2EA
:105170008DF801006A46022140F2162002F008F87C
:1051800010B14FF0FF30E8E702AA0C2140F6C12031
:1051900001F0FEFF10B14FF0FF30DEE704488481DC
:1051A0000020DAE7FEF2ABC4AAF1DFDFBBAFDFDF3E
:1051B000101100201FB504464848007A00F0030093
:1051C00054F8200001904548007A00F0040010B126
:1051D0000198404201904148007AC0F3C10054F860
:1051E000200002903D48007A00F0200010B10298A3
:1051F000404202903948007AC0F3811054F82000F0
:1052000003903648008900F4807010B10398404242
:1052100003903349019880FB0101800F40EA81002F
:1052200001902F49029880FB0110820042EA9170A0
:1052300002902B49039880FB0110820042EA917092
:1052400003900198000E8DF800000198000C8DF875
:1052500001000198000A8DF802000198C0B28DF893
:1052600003006A4604214FF4747001F091FF18B1F5
:105270004FF0FF3004B010BD0298000E8DF8000012
:105280000298000C8DF801000298000A8DF80200C7
:105290000298C0B28DF803006A4604214FF475707D
:1052A00001F076FF10B14FF0FF30E3E70398000EF6
:1052B0008DF800000398000C8DF801000398000A97
:1052C0008DF802000398C0B28DF803006A460421ED
:1052D0004FF4767001F05CFFCCE700001011002065
:1052E00009E3CA0210B586B0044647A000680390DF
:1052F00046A00068029046A00068019045A00068A2
:10530000009004F0030003A9085C8DF8140003A8C2
:10531000C4F3C101405C8DF8150003A8C4F38111EA
:10532000405C8DF8160004F0030002A9085C8DF8BB
:10533000100002A8C4F3C101405C8DF8110002A85E
:10534000C4F38111405C8DF8120005AA032140F2DC
:10535000264001F01DFF18B14FF0FF3006B010BD20
:1053600004AA032140F22A4001F012FF10B14FF0CD
:10537000FF30F3E7019805900098049004F00400D2
:1053800058B19DF8140040F001008DF814009DF80C
:10539000100040F001008DF8100004F0200058B11A
:1053A0009DF8150040F001008DF815009DF81100E2
:1053B00040F001008DF8110004F4807058B19DF8A0
:1053C000160040F001008DF816009DF8120040F024
:1053D00001008DF8120005AA03214FF4886001F046
:1053E000D7FE10B14FF0FF30B8E704AA032140F216
:1053F000314001F0CDFE10B14FF0FF30AEE706486E
:1054000004810020AAE700004CCD6C000CC92C00E0
:10541000365676002646660010110020F8B505467F
:105420000E464FF47A7095FBF0F000FB06F4200E68
:105430008DF80000200C8DF80100200A8DF8020084
:10544000E0B28DF803006A4604214FF4AE7001F01B
:105450009FFEF8BD38B50446052094FBF0F084B2F9
:1054600020128DF80000E0B28DF801006A4602219A
:105470004FF4AD7001F08CFE38BD38B50446052000
:1054800094FBF0F084B220128DF80000E0B28DF8A9
:1054900001006A4602214FF4AC7001F079FE38BD7C
:1054A00038B504460020009004F0010020B19DF8BA
:1054B000000040F03000009004F0020020B19DF8A0
:1054C000000040F00C00009004F0040020B19DF8B2
:1054D000000040F0030000906A4601214FF4A470E0
:1054E00001F056FE38BD38B50446012C01DA01241E
:1054F00002E0042C00DD0424601EC0B200906A4665
:10550000012140F24F1001F043FE38BDF0B52DED02
:10551000028B83B006460F4606F0070010B1B7F5C0
:10552000C86F05DD4FF0FF3003B0BDEC028BF0BD5E
:1055300000EE107AB8EE400ADFED5B0A80EE208ABA
:1055400001A800F0C3FE9DF80400022806D004283C
:1055500017D0082828D010284CD138E09FED530AE6
:1055600028EE000ABCEEC00A10EE100A84B29FEDCD
:10557000500A28EE000ABCEEC00A10EE100A85B2EE
:105580003BE09FED4C0A28EE000ABCEEC00A10EE8C
:10559000100A84B29FED480A28EE000ABCEEC00A49
:1055A00010EE100A85B228E09FED440A28EE000AAA
:1055B000BCEEC00A10EE100A84B29FED410A28EE3C
:1055C000000ABCEEC00A10EE100A85B215E09FED8D
:1055D0003D0A28EE000ABCEEC00A10EE100A84B2A2
:1055E0009FED390A28EE000ABCEEC00A10EE100A40
:1055F00085B202E04FF0FF3096E700BF20128DF831
:105600000800E0B28DF8090028128DF80A00E8B20F
:105610008DF80B0006F00100A0B102AA02214FF4A0
:10562000EA7001F0B5FD10B14FF0FF307CE70DF1ED
:105630000A0202214FF4927001F0AAFD10B14FF05E
:10564000FF3071E706F00200A0B102AA02214FF478
:10565000EC7001F09DFD10B14FF0FF3064E70DF1EB
:105660000A0202214FF4947001F092FD10B14FF044
:10567000FF3059E706F00400A0B102AA02214FF45E
:10568000EE7001F085FD10B14FF0FF304CE70DF1E9
:105690000A0202214FF4967001F07AFD10B14FF02A
:1056A000FF3041E700203FE700004843000080460C
:1056B00000004046000000460000C0450000804554
:1056C00000004045000000450000C04438B50446D5
:1056D000052094FBF0F085B228128DF80000E8B2A6
:1056E0008DF801006A4602214FF4EF7001F050FD81
:1056F00038BD38B50446052094FBF0F085B2281279
:105700008DF80000E8B28DF801006A4602214FF4DE
:10571000ED7001F03DFD38BD82B0CDE9000121F012
:10572000004001909DED000B02B051EC100B704752
:105730002DE9F04F87B005460C46914601208DF8C3
:10574000100000208DF81100FE4A1268517DFD4ABC
:105750005268107804AB0222FDF7B0F920B14FF087
:10576000FF3007B0BDE8F08FC820FBF7E9F9002053
:105770008DF81000F34A1268517CF24A5268107892
:1057800004AB0122FDF79AF910B14FF0FF30E8E7C2
:10579000EC4A12685179EB4A5268107804AB012246
:1057A000FDF78CF910B14FF0FF30DAE7E54A1268E7
:1057B000517DE44A5268107804AB0122FDF77EF96E
:1057C00010B14FF0FF30CCE7DE4A1268917EDD4A1F
:1057D0005268107804AB0122FDF770F910B14FF058
:1057E000FF30BEE7D74A12681179D64A526810785E
:1057F00004AB0122FDF762F910B14FF0FF30B0E7C2
:105800000C208DF81000CF4A12681179CD4A5268E9
:10581000107804AB0122FDF751F910B14FF0FF30C1
:105820009FE70F20FBF78CF9C648406B407A8DF854
:105830001000C44A12689178C24A5268107804ABCA
:105840000122FDF73BF910B14FF0FF3089E7BD4869
:10585000406B007A8DF81000BA4A12685178B94A44
:105860005268107804AB0122FDF728F910B14FF00F
:10587000FF3076E7B9F1000F07D0B248406B807A6D
:1058800040F0E0008DF8100004E0AE48406B807AF4
:105890008DF81000AB4A12689179AA4A52681078C4
:1058A00004AB0122FDF70AF910B14FF0FF3058E7C1
:1058B000B9F1000F07D0A348406BC07A40F0E00078
:1058C0008DF8100003E0A048C07A8DF810009D4AC2
:1058D0001268D1799B4A5268107804AB0122FDF717
:1058E000EDF810B14FF0FF303BE7B9F1000F02D0F7
:1058F000C820FBF725F940208DF81000914A126866
:105900001179904A5268107804AB0122FDF7D6F85D
:1059100010B14FF0FF3024E778208DF81000894A4D
:1059200012685179874A5268107804AB0122FDF75A
:10593000C5F810B14FF0FF3013E783498889FBF7B2
:10594000FFF800208DF810007E4A126851797D4AD8
:105950005268107804AB0122FDF7B0F810B14FF097
:10596000FF30FEE6774A1268117B764A526810785B
:1059700004AB0222FDF768F810B14FF0FF30F0E6FB
:105980009DF811009DF8101040EA012B0C209BFBA4
:10599000F0F0C6B20020A86068602860A060606077
:1059A0002060824665E0674A1268517B654A52680A
:1059B000107804AB0C22FDF747F810B14FF0FF3020
:1059C000CFE69DF811009DF8101040EA012000B2CA
:1059D000ADF808009DF813009DF8121040EA012070
:1059E00000B2ADF80A009DF815009DF8141040EAC9
:1059F000012000B2ADF80C00BDF908102068084481
:105A00002060BDF90A10606808446060BDF90C10A0
:105A1000A0680844A0609DF817009DF8161040EAA1
:105A2000012000B2ADF800009DF819009DF8181093
:105A300040EA012000B2ADF802009DF81B009DF87D
:105A40001A1040EA012000B2ADF80400BDF90010C0
:105A5000286808442860BDF9021068680844686036
:105A6000BDF90410A8680844A8600AF1010000F01C
:105A7000FF0AB24597DB3448D0F800C02868C11748
:105A8000090441EA10410704624600233846FAF748
:105A900062FC32460023CDE90201FAF75CFC286083
:105AA0002948D0F800C06868C117090441EA1041CC
:105AB0000704624600233846FAF74DFC32460023BD
:105AC000CDE90201FAF747FC68601F48D0F800C032
:105AD000A868C117090441EA10410704624600237F
:105AE0003846FAF738FC32460023CDE90201FAF7CE
:105AF00032FCA8601448D0F804C02068C11709041B
:105B000041EA10410704624600233846FAF723FCB5
:105B100032460023CDE90201FAF71DFC20600A4855
:105B2000D0F804C06068C117090441EA10410704B5
:105B3000624600233846FAF70EFC32460023CDE9D0
:105B4000020103E08400002070850008FAF703FCDE
:105B500060601148D0F804C0A068C117090441EA88
:105B600010410704624600233846FAF7F4FB324638
:105B70000023CDE90201FAF7EEFBA060A06800283F
:105B800004DDA068A0F58030A06003E0A06800F507
:105B90008030A0600020E4E57085000800B501F0C9
:105BA000E5FB01F021FC00BD10B567480078052831
:105BB0007ED2DFE800F00323405D98006348018A4D
:105BC0009FED630AFEF788F96048FEF73BF86148ED
:105BD000018A9FED5F0AFEF77FF95E48FEF732F813
:105BE00000224FF480415C48FBF7C0F800205B497D
:105BF00008805B4908805B490870A2E05A4890ED34
:105C00000C0AB5EEC00AF1EE10FA03D003204E499B
:105C1000087096E04FF4FA619FED540A4B48FEF786
:105C20005BF94A48FEF70EF800224FF480414A48DB
:105C3000FBF79CF885E04C4890ED0C0AB5EEC00AE5
:105C4000F1EE10FA03D003203F49087079E04FF4D9
:105C5000FA619FED470A3D48FEF73EF93B48FDF7E4
:105C6000F1FF00224FF480413B48FBF77FF868E0EA
:105C70009FED370A3C48FEF7B9FE9FED350A3A48DA
:105C8000FEF7DCFE01F000FE98B1002034490880E8
:105C90003848007805280FDB3248007860B90122C7
:105CA00091032D48FBF762F801202E49087003E0AC
:105CB00046E00020294908802A480078012811D1AF
:105CC0002248018A9FED220AFEF706F91F48FDF7D8
:105CD000B9FF2048018A9FED1E0AFEF7FDF81D4816
:105CE000FDF7B0FF2DE09FED1A0A1F48FEF77EFE7C
:105CF0009FED170A1C48FEF7A1FE01F0C5FDD8B1C3
:105D000000201749088015480088962804DA1348AF
:105D10000088401C114908801048008896280EDB36
:105D20001048007858B9012291030B48FBF71EF880
:105D300001200C49087002E000200849088000E0BA
:105D400000BF00BF10BD0000581200204800002016
:105D5000000000002000002000080240CE000020CB
:105D6000D0000020D2000020201100200000A0C29E
:105D70000000A042CC00002010B50446204600F0F0
:105D80000FF80346E01C00F00BF843EAC00083B2B2
:105D9000A01D00F005F843EA801083B2184610BD3C
:105DA000014691F90020002A01DD00201EE091F952
:105DB0000020002A01DA042018E091F90120002ACD
:105DC00001DD012012E091F90120002A01DA05200D
:105DD0000CE091F90220002A01DD022006E091F991
:105DE0000220002A01DA062000E0072070470000A8
:105DF00007480849086010208880012088710648FB
:105E000006490860082088800120887170470000DA
:105E100000000240D400002000080240DC00002006
:105E200070B50446A1882068FAF798FF0546002659
:105E3000A079012801D105B90126A571304670BDB0
:105E400008B5FAF7ABFFFCF7EFFFFCF7BBFEFCF77A
:105E500065FEFCF78BFFFCF7A5FFFCF7BFFFFCF727
:105E600027FFFCF74BFFFDF7C1FE6420FAF768FE41
:105E7000FFF794FE4FF4FA70FAF762FE02E0642036
:105E8000FAF75EFEFCF752FC0028F8D101211A480F
:105E9000FDF7DEFF0520FAF753FE01211748FDF755
:105EA000D7FF0520FAF74CFE05211348FEF720F82E
:105EB0003220FAF745FE05211048FEF719F8322086
:105EC000FAF73EFEFFF794FF00F01CF8FDF79CFC8C
:105ED00011E00A23012269460948FCF7C3FA30B9E8
:105EE0004FF6FF73012269460548FCF71EFB64204C
:105EF000FAF726FE00BFECE7200000204800002053
:105F00000802002000200249087048707047000015
:105F1000E400002010B502461C48407868BB012A06
:105F20000AD11A4B1B78581CC31700EB93739B10B4
:105F3000A0EB8303154C2370012925D10120134BBD
:105F400058701846007830B1012808D002280AD0CD
:105F5000032810D10BE000200D4B18700CE001203D
:105F60000B4B187008E00220094B187004E0042065
:105F7000074B187000E000BF06E0012904D10020A3
:105F8000024B5870024B187010BD0000E400002056
:105F90005812002010B5044614B1FAF7EDFE206047
:105FA00010BD000070B50446002624F00104184816
:105FB00090F8240008B1002070BD1548807A10B90F
:105FC0004FF0FF30F8E71248057C807A20401049F6
:105FD00008740846007CA04202D04FF0FF3600E073
:105FE000002614B90A48007D18B1012001F096FA84
:105FF00002E0002001F092FA3CB100F065FC20B113
:10600000034805744FF0FF30D6E73046D4E7000070
:106010008400002070B52DED0C8B8EB004460D462B
:106020001646B7EE000AF0EE409A9FED7C0AB0EEFD
:10603000408A9FED7A0AF0EE408A9FED780AB0EE32
:10604000409A07A808A90DAB03AACDE9001009A939
:106050000BA8FEF7F9FE20B101200EB0BDEC0C8BB1
:1060600070BDBDF8200000F4807000287ED09DED4A
:10607000030AB8EEC00ADFED6A0A80EE201AF0EEDD
:10608000419A9DED040AB8EEC00ADFED650A80EE84
:10609000201AB0EE418A9DED050AB8EEC00ADFED88
:1060A000600A80EE201AF0EE418A9DED060AB8EEF5
:1060B000C00ADFED5B0A80EE201AB0EE419AB8EE1E
:1060C000000A28EE000A20EE090AF0EE000A69EE46
:1060D000A00A00EEA80A10EE101A084602F0A0F975
:1060E00041EC1C0BB0EE4C0AF0EE6C0AFDF75CFFC5
:1060F000B0EE40BAF0EE60BA9FED4A0B53EC102BB5
:1061000051EC1B0B01F0CCFE41EC1A0B01F012FC20
:106110002060B8EE000A28EE000A20EE080AF0EE31
:10612000000A68EEA00A00EEE80AF7EE000A30EE78
:10613000200A10EE101A084602F072F941EC1C0B0E
:10614000B0EE000A28EE800A20EE090AF0EE000AFE
:1061500069EEA00A00EE880A10EE101A084602F056
:106160005FF941EC1D0BB0EE4C1A00E052E0F0EE8E
:106170006C1AB0EE4D0AF0EE6D0AFEF731FAB0EE91
:1061800040BAF0EE60BA9FED270B53EC102B51ECA8
:106190001B0B01F085FE41EC1A0B01F0CBFB2860D4
:1061A00029EEA90A08EE080A08EEE80A09EE490AEB
:1061B00010EE101A084602F033F941EC1C0B28EEE1
:1061C000280A09EE890AF0EE000A20EE200A10EEF5
:1061D000101A084602F024F941EC1D0BB0EE4C1ADF
:1061E000F0EE6C1AB0EE4D0AF0EE6D0AFEF7F8F91B
:1061F000B0EE40BAF0EE60BA9FED0A0B53EC102BF4
:1062000051EC1B0B01F04CFE41EC1A0B01F092FB20
:10621000306001E0022020E700201EE700000000BF
:106220000000804E6666666666A64C4070B5002427
:10623000FCF709FB00F02CF9002840D1782000F091
:10624000F3FEC4B20CB1012070BD7820FFF7AAFEA6
:10625000C4B20CB10220F7E7642000F08BFEC4B298
:106260000CB10320F0E7FEF7E3FDC4B20CB104204B
:10627000EAE71548FFF780FD0546FFF733F8C4B29B
:106280000CB10520E0E740F27310FEF779FCC4B2D0
:106290000CB10620D8E76420FEF754FFC4B20CB15D
:1062A0000720D1E701F0ECF804460CB10820CBE759
:1062B000012000F05BFDC4B21CB10920C4E70A2034
:1062C000C2E70020C0E70000BC00002001461148E2
:1062D000407A30B1012807D0022808D003280CD119
:1062E00008E0022008700BE00420087008E0082095
:1062F000087005E01020087002E04FF0FF30704792
:1063000000BF0448C07C18B108784006000E087031
:106310000020F4E78400002001461348407A30B1A1
:10632000012808D002280AD0032810D10BE04FF42E
:10633000804008800EE041F69C7008800AE04FF42F
:106340008050088006E04FF40060088002E04FF0C3
:10635000FF30704700BF0448C07C10B1088840106F
:1063600008800020F5E70000840000200146024874
:10637000007C0870002070478400002001460F4810
:10638000007A30B1012807D0022809D003280FD1A4
:106390000AE0FA2008800EE04FF4FA7008800AE064
:1063A0004FF47A70088006E04FF4FA60088002E04B
:1063B0000020088000BF00BF00207047840000203C
:1063C00001461248007A30B1012809D002280CD0C9
:1063D000032814D10EE09FED0E0A81ED000A11E0B2
:1063E0009FED0C0A81ED000A0CE09FED0B0A81ED98
:1063F000000A07E09FED090A81ED000A02E04FF074
:10640000FF30704700BF0020FBE700008400002041
:10641000000003430000834233330342333383419C
:1064200001461248C07A082817D2DFE800F01704A6
:10643000070A0D101318BC20088013E062200880A2
:1064400010E02A2008800DE0142008800AE00A20CD
:10645000088007E00520088004E000BF00BF00209E
:10646000088000BF00BF00207047000084000020AB
:106470000146064890F8240010B14FF0FF307047F5
:106480000248C08908800020F9E70000840000204D
:106490001CB580208DF80000454A1268517D444AA1
:1064A000526810786B460122FCF708FB10B14FF0E0
:1064B000FF301CBD6420FAF743FB00208DF800007C
:1064C0003B4A1268517D3A4A526810786B46012265
:1064D000FCF7F4FA10B14FF0FF30EAE748208DF8EE
:1064E0000000334A1268117A314A526810786B46BC
:1064F0000122FCF7E3FA10B14FF0FF30D9E7FF219A
:106500002B488172FF202A490872FF2128484172D6
:10651000C1724FF6FF71C181FF21017481744FF682
:10652000FF7101850121017380F82210002180F89C
:106530002310417501751630016041608160163885
:1065400080F8241080F82510C1844FF4FA6000F020
:1065500055FC10B14FF0FF30ABE7022000F0EEFA2F
:1065600010B14FF0FF30A4E72A2000F0C1FC10B1B9
:106570004FF0FF309DE7322000F0FCFC10B14FF0EF
:10658000FF3096E70020FFF70DFD10B14FF0FF3010
:106590008FE701F00BF80A2000F0B8FB10B14FF0C4
:1065A000FF3086E7002000F03FFD002081E700007B
:1065B000840000202DE9F04385B005460E46904644
:1065C0009946294890F8250020B14FF0FF3005B0DA
:1065D000BDE8F08316B94FF0FF30F8E7002423E060
:1065E000281B102801DD102000E0281B87B232197B
:1065F0003946204600F0CCFD10B14FF0FF30E6E701
:1066000001AA3946204600F01FF910B14FF0FF30C3
:10661000DDE730193A4601A9F9F7C1FE10B16FF074
:106620000100D4E7E01984B2AC42D9DB4FEA28205C
:106630008DF8000008F0FF008DF801000A4A12688A
:10664000517F094A526810786B460222FCF736FAED
:1066500010B14FF0FF30BAE70121034880F8251050
:10666000A0F826900020B2E78400002038B5044648
:10667000282C02DD4FF0FF3038BDDCB9002000F0DF
:1066800001FC00208DF8000007208DF801003D4A34
:106690001268517D3B4A526810786B460222FCF723
:1066A0000DFA10B14FF0FF30E6E7002135480175D3
:1066B0000020E1E7012000F0E5FB012C03D10220DE
:1066C0008DF8000033E0022C03D103208DF8000088
:1066D0002DE0052C03DC04208DF8000027E00A2CB7
:1066E00003DC05208DF8000021E0142C03DC0620DB
:1066F0008DF800001BE0282C03DC07208DF800003B
:1067000015E0502C03DC08208DF800000FE0A02CD1
:1067100003DC09208DF8000009E0B4F5A07F03DC5C
:106720000A208DF8000002E00B208DF80000154AC9
:106730001268517A134A526810786B460122FCF7AE
:10674000BDF910B14FF0FF3096E720208DF8000022
:106750000C4A1268517D0B4A526810786B46012230
:10676000FCF7ACF910B14FF0FF3085E70821054880
:10677000817200210173012101750020FFF712FCD5
:10678000002079E784000020F8B504460F4616463D
:106790002C4890F8240010B94FF0FF30F8BD29487C
:1067A000807A10B94FF0FF30F8E7264A1268117B63
:1067B000244A526810786B460222FCF745F910B162
:1067C0004FF0FF30EAE79DF801009DF8001040EA25
:1067D0000125A54203DA00203070401EDEE719488B
:1067E00040684088B5EB600F17DD164A1268D17C0F
:1067F000144A526810786B460122FCF725F910B153
:106800004FF0FF30CAE79DF8000000F0100020B103
:1068100000F05AF86FF00100C0E7E2B2094B1B68C4
:10682000597B084B5B6818783B46FCF70DF910B1B3
:106830004FF0FF30B2E795FBF4F0401E30700020BF
:10684000ACE7000084000020F8B504460D4616466B
:1068500016B94FF0FF30F8BD1A48807A10B94FF0E2
:10686000FF30F8E720128DF80000E0B28DF801004B
:106870009DF801002844134949684989884202DD8E
:106880004FF0FF30E7E70F4A1268D17E0D4A526899
:1068900010786B460222FCF711F910B14FF0FF306F
:1068A000D9E7EAB2074B1B68197E064B5B6818787C
:1068B0003346FCF7C9F810B14FF0FF30CBE70020AA
:1068C000C9E700008400002008B57048807A10B93C
:1068D0004FF0FF3008BD002000906C4A1268517CD8
:1068E0006A4A526810786B460122FCF7E7F810B14B
:1068F0004FF0FF30EEE7654A12685179634A5268FB
:1069000010786B460122FCF7D9F810B14FF0FF3038
:10691000E0E75E4A126811795C4A526810786B466B
:106920000122FCF7CBF810B14FF0FF30D2E7574807
:1069300090F82400002853D00C200090534A12688D
:106940001179524A526810786B460122FCF7B6F86A
:1069500010B14FF0FF30BDE73220FAF7F1F8C02058
:1069600000904A48807A00F0010020B19DF80000B4
:1069700040F020000090454A12681179434A52685D
:1069800010786B460122FCF799F810B14FF0FF30F8
:10699000A0E73E48407C10B10220009001E00020BA
:1069A00000903A4A1268517C384A526810786B4617
:1069B0000122FCF783F810B14FF0FF308AE7002086
:1069C0000090324A12685179304A526810786B460A
:1069D0000122FCF773F8002855D04FF0FF3079E71B
:1069E00004200090294A12681179284A52681078C8
:1069F0006B460122FCF762F810B14FF0FF3069E7F7
:106A00002248807C20B92148807A00F0010010B92A
:106A10004020009001E0602000901C4A126811792B
:106A20001A4A526810786B460122FCF747F810B1F9
:106A30004FF0FF304EE73220FAF782F81348407CDF
:106A400010B10120009001E0002000900F4A126870
:106A5000517C0E4A526810786B460122FCF72EF8E2
:106A600010B14FF0FF3035E7084A12685179074AF4
:106A700052681078054B10330122FCF71FF810B153
:106A80004FF0FF3026E7002024E7000084000020BC
:106A90002DE9F04186B007468846274890F8240043
:106AA00020B1002000F062F9012400E0002403A8D6
:106AB000FFF764FC05A8FFF709FC01A8FFF7B0FC8D
:106AC00002A8FFF7D5FC1C48867A04A8FFF74EFC05
:106AD000002241463846FEF72BFE0725FF201649C7
:106AE0000872FF2114484172C1724FF6FF71C181D3
:106AF000FF218172017401210173BDF80C0000F0C7
:106B00007DF99DF8140000F019F8BDF8040000F0BC
:106B1000EFF9BDF8080000F02DFA304600F084FAD5
:106B20009DF81000FFF73EFA14B1012000F01EF9A5
:106B3000284606B0BDE8F0818400002038B5044640
:106B40001E48807A10B94FF0FF3038BD022C06D0B5
:106B5000042C07D0082C08D0102C0CD108E0002001
:106B600000900BE00820009008E01020009005E065
:106B70001820009002E04FF0FF30E6E700BF0F481A
:106B8000407A9DF80010B0EBE10F01D10020DCE766
:106B90000A4A1268D179094A526810786B46012274
:106BA000FBF78CFF10B14FF0FF30CEE79DF80000EF
:106BB000C110024841720020C7E700008400002095
:106BC00038B504465048807CA04201D1002038BD31
:106BD000002C46D04C4A126811794B4A5268107802
:106BE0006B460122FBF730FF10B14FF0FF30EEE7AC
:106BF0009DF8000020F020000090434A12681179AF
:106C0000414A526810786B460122FBF757FF10B1DA
:106C10004FF0FF30DBE70320F9F792FF02200090EE
:106C2000394890F8220020B19DF8000040F0800023
:106C30000090354890F8230020B19DF8000040F006
:106C400030000090304A1268D17D2F4A5268107887
:106C50006B460122FBF732FF002851D04FF0FF3086
:106C6000B5E7294A12681179274A526810786B46AD
:106C70000122FBF7E9FE10B14FF0FF30A7E72248F1
:106C8000807A00F0010028B19DF8000040F020005B
:106C9000009004E09DF8000020F0200000901A4AC7
:106CA00012681179184A526810786B460122FBF776
:106CB00005FF10B14FF0FF3089E70320F9F740FFDF
:106CC000114890F8220010B18020009001E00020CF
:106CD00000900D4890F8230020B19DF8000040F08E
:106CE00030000090084A1268D17D074A5268107837
:106CF0006B460122FBF7E2FE10B14FF0FF3066E772
:106D000001488474002062E78400002038B50446FE
:106D10002CB11548C089A04201DB642C02DD4FF084
:106D2000FF3038BD1048C08990FBF4F0401EC0B25F
:106D300000900D4A126892F824100B4A526810789D
:106D40006B460122FBF7BAFE10B14FF0FF30E8E7C7
:106D50000548C1899DF80000401C91FBF0F081B20C
:106D6000014801850020DCE78400002038B5044696
:106D7000214890F82400A04201D1002038BD24B35E
:106D80001D4890F8250010B94FF0FF30F6E70020BD
:106D900000F0C4FB0020FFF713FF1749C88C00F078
:106DA000E9F8002000901449496808786B460122F0
:106DB0002321FBF783FE01210F4880F824100120D6
:106DC00000F0ACFBFFF780FD13E0002000F0A6FB15
:106DD0000948007C00900849496808786B46012200
:106DE0002321FBF76BFE0021034880F82410FFF7F6
:106DF0006BFD0020C2E700008400002038B5044687
:106E00001F48807A10B94FF0FF3038BDFA2C09D0F6
:106E1000B4F5FA7F09D0B4F57A7F09D0B4F5FA6FEA
:106E20000CD108E0002000900BE00820009008E062
:106E30001020009005E01820009002E04FF0FF3095
:106E4000E3E700BF0E48007A9DF80010B0EBE10FB9
:106E500001D10020D9E70A4A12689179084A52689C
:106E600010786B460122FBF729FE10B14FF0FF307E
:106E7000CBE79DF80000C010014908720020C4E76C
:106E80008400002038B50446184890F82300A0423A
:106E900001D1002038BD14B13020009001E0002065
:106EA00000901248807C20B19DF8000040F0020064
:106EB00000900E4890F8220020B19DF8000040F0AC
:106EC00080000090094A1268D17D084A5268107803
:106ED0006B460122FBF7F2FD10B14FF0FF30D9E70E
:106EE000024880F823400020D4E7000084000020FE
:106EF00038B504461E48807A10B94FF0FF3038BDCF
:106F0000BC2C02DB0120009015E0622C02DB022089
:106F1000009010E02A2C02DB032000900BE0142CE0
:106F200002DB0420009006E00A2C02DB0520009022
:106F300001E0062000900E48C07A9DF800108842BB
:106F400001D10020DBE70A4A12689178084A5268AA
:106F500010786B460122FBF7B1FD10B14FF0FF3006
:106F6000CDE79DF800100248C1720020C7E700007D
:106F70008400002038B504462A48807A10B94FF0C2
:106F8000FF3038BD274890F8240010B14FF0FF3093
:106F9000F7E72448007D50B134B1282C04DCE0B27E
:106FA000FFF764FB0020ECE70020FFF75FFB042CF9
:106FB00001DA042404E0B4F57A7F01DD4FF47A7439
:106FC0004FF47A7090FBF4F0401EC0B20090154A66
:106FD00012685178134A526810786B460122FBF709
:106FE0006DFD10B14FF0FF30CBE79DF80000401C65
:106FF0004FF47A7191FBF0F081B20A48C1810146E9
:10700000098D642902DA0146098D00E064210846F1
:10701000FFF77CFE0349C9894810FFF769FF00208C
:10702000AFE70000840000201CB5044604F07000A7
:1070300010B10120019005E014B10020019001E0A1
:1070400040200190514A1268517D504A5268107890
:1070500001AB0122FBF732FD20B100214B488172C8
:10706000481E1CBD9DF8040020F0400147480173F4
:107070000020019004F0400020B99DF8040040F089
:107080000400019004F0200020B99DF8040040F0B5
:107090000200019004F0100020B99DF8040040F0B7
:1070A0000100019004F0080020B99DF8040040F0B0
:1070B00038000190354A1268917D344A5268107840
:1070C00001AB0122FBF7FAFC20B100212F488172AD
:1070D000481EC6E724B1082C02D00020FFF7D2FEDC
:1070E0002A4A12681179294A526810786B4601229F
:1070F000FBF7AAFC10B14FF0FF30B2E704F001003B
:1071000038B1112001909DF8000040F0200000905F
:1071100006E0102001909DF8000020F02000009073
:107120001A4890F8240028B19DF8000040F0800033
:10713000009004E09DF8000020F080000090134AC9
:10714000126892F82610114A5268107801AB012299
:10715000FBF7B4FC10B14FF0FF3082E70B4A126826
:1071600011790A4A526810786B460122FBF7A6FC97
:1071700010B14FF0FF3074E70448847200210175AC
:107180003220F9F7DDFC00206BE7000084000020CE
:10719000F8B504460D46164616B94FF0FF30F8BD57
:1071A0001A48807A10B94FF0FF30F8E720128DF8B6
:1071B0000000E0B28DF801009DF801002844134959
:1071C00049684989884202DD4FF0FF30E7E70F4AFE
:1071D0001268D17E0D4A526810786B460222FBF786
:1071E0006DFC10B14FF0FF30D9E7EAB2074B1B68D6
:1071F000197E064B5B6818783346FBF75FFC10B1CD
:107200004FF0FF30CBE70020C9E7000084000020EA
:10721000B0EE401A80ED0C1AC0ED0D0A90ED0C0A8C
:10722000D0ED0D1A30EE610A80ED0E0A90ED000AE5
:10723000D0ED0E1A20EE210A80ED050A90ED0E0A1F
:10724000D0ED0F1A30EE610AD0ED021A20EE210ABD
:1072500080ED080A90ED0E0A80ED0F0A90ED110AFC
:10726000D0ED051A30EE610AB5EEC00AF1EE10FA63
:1072700006DD90ED110AD0ED051A30EE610A01E04D
:107280009FED390A80ED090A90ED100AD0ED051A3C
:1072900030EE610AB5EEC00AF1EE10FA06D290EDBA
:1072A000100AD0ED051A30EE610A01E09FED2E0ABA
:1072B00080ED0A0A017F21B19FED2B0A80ED060ABD
:1072C00028E090ED010AD0ED0E1A60EE211A90ED43
:1072D0000B2A90ED060A01EE820A80ED060A90ED77
:1072E000060AD0ED091AB4EEE10AF1EE10FA04DD57
:1072F00090ED090A80ED060A0CE090ED060AD0ED4B
:107300000A1AB4EEE10AF1EE10FA03D290ED0A0A7D
:1073100080ED060A90ED050AD0ED061A30EE210A3E
:10732000D0ED081A30EE210A80ED120A90ED120A13
:10733000D0ED111AB4EEE10AF1EE10FA04DD90ED91
:10734000110A80ED120A0CE090ED120AD0ED101A2D
:10735000B4EEE10AF1EE10FA03D290ED100A80EDDE
:10736000120A90ED120A7047000000009FED1C0AFF
:107370001C4880ED030A90ED030AF7EE000A80EE48
:10738000801A80ED041A9FED160A80ED050A90ED33
:10739000050AF7EE000A80EE801A80ED061A90EDDD
:1073A000030AD0ED060A20EE200ABCEEC00A80EDEA
:1073B0000A0A9FED0B0A80ED070A90ED070AF7EE27
:1073C000000A80EE801A80ED081A90ED030AD0EDD5
:1073D000080A20EE200ABCEEC00A80ED0B0A7047B6
:1073E00000007A4420110020B7EE000A224880ED08
:1073F000150A9FED220A80ED160A9FED200A80ED06
:10740000170AB2EE0E0A80ED260ABAEE0E0A80EDD9
:10741000250AB2EE040A80ED1E0ABAEE040A80EDD7
:107420001F0A90ED060A80ED200A002180F87010F6
:10743000B7EE000A80ED280A9FED100A80ED290AB8
:107440009FED0E0A80ED2A0AB2EE0E0A80ED390A8F
:10745000BAEE0E0A80ED380AB2EE040A80ED310A67
:10746000BAEE040A80ED320A90ED080A80ED330A84
:1074700080F8BC10704700002011002000000000C0
:1074800010B588B002A905A8FFF702FB0446072C37
:1074900041D101A8FEF794FF9DED050AB8EEC00AA0
:1074A000DDED010A20EE200ABDEEC00A8DED050AD1
:1074B0009DED060AB8EEC00ADDED010A20EE200AB5
:1074C000BDEEC00A8DED060A9DED070AB8EEC00AB2
:1074D000DDED010A20EE200ABDEEC00A8DED070A9F
:1074E00005A8FDF767FE6846FEF716FFBDF8001019
:1074F000029848430290BDF8001003984843039057
:10750000BDF8001004984843049002A8FDF782FDDE
:10751000002008B010BD0120FBE7000038B504468C
:10752000214890F82400C0B114B10220009001E07D
:10753000002000901C4A1268517C1B4A5268107847
:107540006B460122FBF7BAFA10B14FF0FF3038BD9D
:107550009DF800101448417423E01348807A10B954
:107560004FF0FF30F3E724B10F48407C08B1002012
:10757000EDE714B10120009001E0002000900A4ADC
:107580001268517C084A526810786B460122FBF75A
:1075900095FA10B14FF0FF30D9E79DF8001002487E
:1075A00041740020D3E700008400002038B501209A
:1075B000FFF706FB0C240EE06B460122002120465B
:1075C000FBF742FA054625B99DF80000482800D18E
:1075D00003E0601CC4B20F2CEEDD00BF0F2C02DDF7
:1075E0004FF0FF3038BD7E4880F82A4010208DF8DB
:1075F00000007B4991F82A006B4601220A21FBF723
:107600005DFA10B14FF0FF30ECE70120F9F798FA7E
:107610001F208DF80000724991F82A006B46012264
:107620000A21FBF74BFA10B14FF0FF30DAE70120E7
:10763000F9F786FA6A4991F82A006B46032210216D
:10764000FBF702FA10B14FF0FF30CBE79DF80000D6
:107650008030634988859DF8011080316048C1857C
:107660009DF802108031018610208DF800005C49E1
:1076700091F82A006B4601220A21FBF71FFA10B18C
:107680004FF0FF30AEE70120F9F75AFA0020FFF77C
:1076900097FA40208DF80000514A1268917E504AB6
:1076A000526810786B460122FBF708FA10B14FF0D0
:1076B000FF3097E74A4890F82A0040F080008DF8A4
:1076C0000000474A1268917F454A526810786B461D
:1076D0000122FBF7F3F910B14FF0FF3082E70220EF
:1076E0008DF800003E4A1268D17F3D4A52681078FA
:1076F0006B460122FBF7E2F910B14FF0FF3071E762
:1077000088208DF80000364A126892F82010344A1A
:10771000526810786B460122FBF7D0F910B14FF098
:10772000FF305FE72E4890F82A008DF800002C4AC1
:10773000126892F821102A4A526810786B4601228A
:10774000FBF7BCF910B14FF0FF304BE70A208DF882
:107750000000234A126892F82210214A52681078D9
:107760006B460122FBF7AAF910B14FF0FF3039E761
:1077700081208DF800001A4A126892F82310184AE6
:10778000526810786B460122FBF798F910B14FF060
:10779000FF3027E711208DF80000114A126892F897
:1077A00026100F4A526810786B460122FBF786F9C3
:1077B00010B14FF0FF3015E703208DF80000084AA4
:1077C000126892F82710064A526810786B46012218
:1077D000FBF774F910B14FF0FF3003E7002001E729
:1077E0008400002000B52DED048B83B041EC190B13
:1077F00000F060FC41EC180B18EE100A18EE901A1D
:107800008DED008B002818BF0120084320F00040B8
:10781000C0F17F6000F1E040C00F14D019EE101AE3
:1078200019EE900A8DED009B002918BF0121084335
:1078300020F00040C0F17F6000F1E040C00F04BFC5
:107840000120F8F70FFE51EC180B03B0BDEC048BD0
:1078500000BD01464FF47F4000EA012040EA1120BC
:10786000704701464FF47F4202EA112242EA11605A
:107870004FF47F0202EA012210434FF07F4202EAF6
:10788000016210437047000010B52DED048B2048B5
:1078900090ED0C0A10EE101A084600F0C1FD41EC04
:1078A000190BB0EE490AF0EE690AFCF799FFB0EE49
:1078B000408AF0EE608A9FED170B53EC102B51ECD1
:1078C000180B00F0B1FA20D2114890ED0D0A10EE1D
:1078D000101A084600F0A4FD41EC190BB0EE490A5D
:1078E000F0EE690AFCF77CFFB0EE408AF0EE608AA9
:1078F0009FED080B53EC102B51EC180B00F094FA91
:1079000003D20120BDEC048B10BD0020FAE700007B
:1079100020110020000000000000144081F0004110
:10792000704780F00040704721F00041704720F020
:107930000040704721F00042A2F16052B2F5801F72
:1079400001F0004328BFD2F17F6C0BD95FEA001C25
:1079500043EAC20242EB507018BF704728BF20F0C4
:1079600001007047B2F5801FBCBF184670474FEA50
:10797000410C1CF5001F02D2084600F0C7BD70B5CF
:1079800000F038FB00000089FFF7F6BF4FF0004021
:10799000A0F580007047000010B591EA030F48BFC2
:1079A00083F0004300F15A84841A71EB030C05D272
:1079B000121943EB0C03001B61EB0C01DFF824E10F
:1079C0004FEA1154A4EB135C1EEA430F18BF9EEA62
:1079D000445F73D023EA0E03DCF1200E21EA045148
:1079E00043F4801332D322FA0CFE10EB0E0023FA7C
:1079F0000CFE41EB0E01CCF1200E03FA0EFE10EB53
:107A00000E0051F10001B1F5801FCCF1200E32D2F1
:107A100001EB045112FA0EF2BDE8104058BF704756
:107A2000401C38BF5FEA420218BF7047002814BFED
:107A300020F0010041F100014FEA410313F5001F5E
:107A400038BF7047A1F1C04100F022BB012A43EBCF
:107A50000302ACF1200CDCF11F0E32BF4FF0000E20
:107A600023FA0CF310EB030041EB0451B4EB115F6C
:107A7000D0D0A1EB045101F5801149085FEA300034
:107A800001EB04510ED350F1000038BF12FA0EFE84
:107A900008D1BDE81040C9E7401C38BF5FEA420288
:107AA000CAD1C3E7BDE810404FEA410313F5001FF8
:107AB00038BF7047A1F1C04100F0EABA9EEA445FC6
:107AC00008D011EA5E0FBDE8104004BF01F000418C
:107AD00000207047BDE8104070B500F08BFA00BF81
:107AE00064FBBE3E0000E0FF491058BFC1F14041B9
:107AF0005B1058BFC3F140438B42EFF300807047E7
:107B00002DE9C04130B4DFF8A0C23CEA111418BF1F
:107B10003CEA131400F0EC8081EA03051CEA11141E
:107B200044EAD57418BF1CEA131500F0C780A4EB13
:107B300005044FF0004545EAC12145EAC32341EA67
:107B4000505143EA525304F17F74994204F50034D2
:107B50004FEAC0204FEAC22208BF904200F09C804A
:107B60004FEA13650FF24016765D4FEA134506FBA8
:107B700005F7C7F1807706FB07F74FEAD737A7FB72
:107B800003687642C8F58038A7FB06CE38BFA8F157
:107B9000010807FB08E64FF0000EA6FB028CE6FB8F
:107BA00003CEDCF1000CCEF1004E38BFAEF1010E79
:107BB000A6FB0C584FF000074FF00005E6FB0E87C0
:107BC000A1FB08C6A0FB07CE16EB0E0645F100058B
:107BD000E1FB076515F1E04E7EBFA4F580345FEA56
:107BE00046066D4116F1800745F100054FEA17275B
:107BF0004FEA066647EA0567A6F1DE46B6F1805F02
:107C00004FEA15251FD9384624F0010C05EBC47145
:107C1000BCF1FE6F01EB0C1102D8F0BCBDE8008195
:107C200024425CBF01F5801E9EEAC47F02D4F0BCF2
:107C3000BDE80081244238D4F0BCA1F1C041BDE8C8
:107C4000004100F025BA4FEAD22242EA43524FEAFD
:107C5000D323A7FB02864FEAD02040EA415007FB1E
:107C600003661EEA0E0F4FEAD12105FB026658BFDC
:107C7000A6EB0056B6EB00564FEA520E4EEAC37E14
:107C800018EB0E0E56EB530EBDD518EB02085E41F5
:107C90007F1C55F10005B6E74FF480154FF0000743
:107CA0004FF000064FF00008ADE7F0BC4FF00000C9
:107CB00001F1C04101F00041BDE8008111EA0C1F53
:107CC0000CEA131500D00CE013EA0C1F00F025801D
:107CD0004FF00000F0BC81EA030101F00041BDE873
:107CE0000081F0BCBDE8004181EA030100F0D0B999
:107CF000F0BCBDE8004170B500F07CF9097EFC3EA7
:107D000000F007B881EA03014FF0000001F00041E4
:107D1000704781EA030100F0BBB9F0BCBDE8004147
:107D20004FF0000021497047FFFDFBF9F7F5F4F231
:107D3000F0EEEDEBE9E8E6E4E3E1E0DEDDDBDAD806
:107D4000D7D5D4D3D1D0CFCDCCCBCAC8C7C6C5C464
:107D5000C2C1C0BFBEBDBCBBBAB9B8B7B6B5B4B37B
:107D6000B2B1B0AFAEADACABAAA9A8A8A7A6A5A466
:107D7000A3A3A2A1A09F9F9E9D9C9C9B9A9999982A
:107D80009797969595949393929191908F8F8E8ECD
:107D90008D8C8C8B8B8A898988888787868585845A
:107DA00084838382828181800000FF070000F87F46
:107DB00051EA030C17D41CF5801F58BFBCF5801F77
:107DC00000F10680994218BF704708BF9042704783
:107DD00007D711F5801F58BF13F5801F19D499429A
:107DE0007047894270471CF5801F08D5BCF5801F7D
:107DF000F7D58B4218BF704708BF824270474FF4D7
:107E0000001C1CEB410F38BF1CEB430F01D28B420F
:107E1000704770B500F0EEF8922449004FF0005121
:107E20004FF08053FFF760BE51EA030C17D41CF5E6
:107E3000801F58BFBCF5801F00F10680994218BF13
:107E4000704708BF9042704707D711F5801F58BF91
:107E500013F5801F19D499427047894270471CF569
:107E6000801F08D5BCF5801FF7D58B4218BF70471F
:107E700008BF824270474FF4001C1CEB410F38BF13
:107E80001CEB430F01D28B42704770B500F0B2F883
:107E9000922449004FF000514FF08053FFF724BE69
:107EA000DFF848C170B51CEA111E1EBF1CEA13158D
:107EB0009EEA0C0F95EA0C0F00F06F8081EA030434
:107EC00023EA4C134EEAD47E21EA4C1141F480118E
:107ED00043F48013AE44A1FB024CA0FB0365AEF15A
:107EE0007F7E361955EB0C05A1FB034C4CF10003CA
:107EF000A0FB021C16EB0C06654153F1000309427E
:107F000018BF46F0010613F4007F0BD14FEA03318E
:107F10004FEA0530340341EA155140EA16506FF03C
:107F200003020AE04FEAC3214FEAC520F40241EA06
:107F3000555140EA56506FF0020202EB2E4201EB1F
:107F4000025585EACE710AD05FEA440C18BF24F0CE
:107F5000004450F1000041F1000120EAD47040F2E9
:107F6000FE7C624500D270BDA84214BF4FF0804431
:107F70004FF04044002E08BF0024BEF1806FA8BF20
:107F8000A1F1C041BDE8704080F282804FF0000056
:107F900001F1C04101F0004170479EEA0C0F0CEA6C
:107FA000131518BF95EA0C0F06D04FF0000081EAB8
:107FB000030E0EF0004170BD00F01CF88900013E78
:107FC00000F007B800F009B84FEA430C5FEA5C5CC8
:107FD00008D081EA030100F05BB84FEA410C5FEA88
:107FE0005C5CF6D14FF00000014970470000FF07CC
:107FF0000000F87F0EF1020E2EF0030E5EF8046B07
:10800000364205D4012A43EB030515F5001F12D8AB
:10801000012841EB010C1CF5001F0CD80ED14FEAD2
:10802000D17C15F5001F0CEB4C0C0CF1020C08BFB9
:108030004CEBD37C04E04FF0080C01E04FEAD37C1A
:108040000CEB4C0526FA05F606F00706B6F1040C13
:1080500006D20EEB860CBDE870404CF0010C604778
:10806000DFE80CF0090B02024FF000414FF0000076
:10807000A1F5002170BD19461046012851EB0104FD
:1080800018BFD4F5001484BF002001F0004170BD7A
:108090000808A0F500114FEA3101704791EA030F7B
:1080A00010B581F000413FF57FAC83F0004300F054
:1080B000D5B800002DE9F04101F5801CBCF5001F8A
:1080C000C0F2A9804FEA115C21EA0C510CF1FD0CC1
:1080D00041F480115FEA5C0C0CF5C07C01D34000D8
:1080E000494130A4890241EA905187028E0E0A0C60
:1080F000A45D04FB04F602FB06F6C6F14046A4FBB1
:108100000662F60D46EA422606FB06F4A4FB0123AE
:108110005242C3F1404338BF5B1EA6FB024200241B
:10812000E6FB0324D20B42EA4446A6FB0623A1FB4E
:1081300002E2A3FB07E4E3FB61426442C2F1404E6A
:1081400038BFAEF1010EA6FB04234FF00002E6FBA0
:108150000E32A2FB03463400E2FB6264A1FB06E69A
:10816000A4FB07E8E4FB61687642C8F1405838BFD9
:10817000A8F10108A2FB06E4A3FB08E5E2FB6854B2
:10818000A1FB05E6A7FB04E8E1FB648618F12005E6
:1081900056F10006A809A8F11B08B10908F03F082C
:1081A000B8F10A0F40EA86601CD901EB0C51BDE81A
:1081B000F08100BFFCF5EEE8E2DDD8D3CFCBC7C33A
:1081C000C0BDB9B6B4B1AEACA9A7A5A3A19F9D9BF4
:1081D0009A9896959392908F8D8C8B8988878685B7
:1081E00084838281A0FB006800FB01F208EB420857
:1081F000B8EB872807D5341858EB0104D5D5401CB7
:1082000051F10001D1E7341A78EB0104CDD4401EBE
:1082100071F10001C9E75FEA4C0C5FEA9C5C0DD18B
:1082200005D34FF0000001F00041BDE8F081BDE84A
:10823000F04170B5FFF7DEFE6DDBFFBEBDE8F0413B
:108240004FF00000004970470000F87F10B591EA38
:10825000030F48BF83F000433FF5A6AB841A71EBD0
:10826000030C07D212198CF0004C43EB0C03001BDB
:1082700061EB0C01DFF8A4E14FEA1154A4EB135CAD
:108280001EEA430F18BF9EEA445F00F0B08023EA65
:108290006E03524221EA0451C3EB6E0338BF5B1EEA
:1082A000DCF1200E25D322FA0CFE10EB0E0043FA6F
:1082B0000CFE41EB0E01CCF1200E03FA0EFE10EB8A
:1082C0000E0051F10001CCF1200E29D412FA0EF269
:1082D00001EB0451BDE8104058BF7047401C1CBF63
:1082E000B2F1004F704700280CBF491C20F001007C
:1082F000704712EB020E43EB030218BF4FF0010E62
:108300004EEA4202ACF1200CDCF11E0E54D943FAC5
:108310000CFE10EB0E0051F1FF31CCF11E0ED5D545
:108320000EF1010E12FA0EFE404141EB010101EB8C
:10833000445C5FEA5C5C10D910EBDE7001EB045129
:1083400038BFBEF1004FBDE8104018BF704700288D
:108350000CBF491C20F00100704730D24FEAD42CEA
:1083600011F5001124F400641BD0B1FA81F20B3A2C
:10837000A41AA41ED2F12003914030FA03F319434A
:10838000904001EBCC71002C01EB0451BDE8104092
:10839000A8BF704701F1C0414FF0000001F000415B
:1083A0007047B0FA80F310FA03F100D110BDE41A5F
:1083B000173C4805C90AE4E701EB045110BD491018
:1083C00001EB0451BDE810404FEA300002E04FF0ED
:1083D000000170474A0008BF0042F8D0B2F5001F04
:1083E00028BF704701F000414FF0000070479EEA3F
:1083F000445F07D011EA5E0FBDE8104004BF0021C2
:1084000000207047BDE8104070B5FFF7F3FD00BFD6
:1084100040DFF63E83F00041104670470000E0FF69
:1084200043004FEAD30C4FEA3C0C43401FBF4007C8
:108430000CF1605113F0FE4F70471CF0006F03D138
:1084400000200CF0004170470CF0004343EA5070EC
:1084500010B540EACC0000F00EF800BF000000921A
:108460004FEA0001FFF714BE4FF000414FF000004B
:10847000A1F5002170470EF1020E2EF0030E5EF8FA
:10848000044B244204D44FEA4102B2F17F4F11D889
:108490004FEA4003B3F17F4F0CD80ED14FEAD07CA6
:1084A000B2F17F4F0CEB4C0C0CF1020C08BF4CEB03
:1084B000D17C04E04FF0080C01E04FEAD17C0CEBDA
:1084C0004C0324FA03F404F00704B4F1040C06D2BC
:1084D0000EEB840CBDE810404CF0010C6047DFE867
:1084E0000CF0070802024FF00040A0F5800010BD1C
:1084F0000846420018BFD2F1807288BF00F00040E9
:1085000010BD4FF04070E1EE100A7047FF2141EAC4
:10851000D050C00570470006101600061016000067
:108520000000000000000102030406070809000023
:10853000000001020304000075191A0C6A231B1CB9
:108540001D1E1F207274433B4138393A696B6C37EA
:108550006F77246D6E7000000000000000000000C6
:1085600000006800000480004101000000010000DC
:108570008300000000080000000100183200050020
:10858000000020410000D242295C0F3E9A99993E9A
:108590003333733F295C0F3E00007000000000245D
:1085A000000000020003000000650054FFEF00001F
:1085B000FA80000B12820001030C30C30E8C8CE990
:1085C00014D5400213710F8E3883F8833000F8837E
:1085D000258EF8833000F883FFFFFFFF0FFEA9D63A
:1085E000240004001A8279A10000003CFFFF000073
:1085F0000010000038836FA2003E033040000000EE
:1086000002CAE3093E8000002000000000000000D4
:108610004000000060000000000C0000000C186E1C
:10862000000006920A16C0DFFFFF0256FD8CD377CA
:10863000FFE1C496E0C5BEAA00000000FFFF0B2BBF
:1086400000001657000003594000000000001DFA0A
:1086500000026C1D000000003FFFDFEB003EB3B6E0
:10866000000D227800002F3C00000000001942B5E8
:10867000000039A20000B365D90E9FC91DCF4C344C
:1086800030000000500000003BB67AE800640000B3
:1086900000C8000000000000100000001000FA9266
:1086A0001000225E000D229F000100000032000039
:1086B000FF46000063D400001000000004D6000054
:1086C00004CC000004CC0000000010720000004048
:1086D0000000000000000000000600020005000786
:1086E0000000000000640000000000000000000521
:1086F00000050064002000000000000000000000F1
:10870000000040000000030000000032F898000064
:10871000FF650000830F0000FF9BFC0000000000CD
:108720000000000000000000000000000000000049
:108730000000000000000000000000000000000039
:1087400000000000000010004000000000000006D3
:108750000000B26A000200000001FB830068000014
:1087600000D9FC007CF1FF830000000000650000E0
:10877000006403E8006400280000002500000000F9
:1087800016A000000000100000001000002F0000E4
:10879000000001F40000100000280000FFFF4581E8
:1087A000FFFFFA7200000000000000000044000516
:1087B0000005BAC6004778A20000000100000000D2
:1087C00000000600000000140000254D002F706D11
:1087D000000005AE000C02D0000000000000000008
:1087E0000000000000000000001B0000000000006E
:1087F000000000000000000000640000000800000D
:108800000000000000000000000000000000000068
:108810000000000000000000000000000000000058
:108820000000000000000000000000000000000048
:108830000000000000000000000000000000000038
:108840000000000000000000000000000000000028
:108850000000000000000000001B000000000000FD
:1088600000000000000E000E00000AC70004000017
:1088700000000032FFFFFF9C00000B2B00000002F5
:108880000000000100000064FFE50000000000009F
:1088900000000000000000000000000100000000D7
:1088A00000010000000000000001800000018000C5
:1088B00000018000002426D300000000000000001A
:1088C000000600100096003C0000000000000000C0
:1088D00000000000000000000C0A4E68CDCF7709B0
:1088E00050166759C619CE82000000000000000033
:1088F0000000000000000000000000000000000078
:1089000017D78400030000000000000000000000F2
:10891000C7938F9D1E1B1C19000000000000000063
:108920000000000000000000000000000000000047
:10893000020318850000400000000003000000034F
:1089400000000000000000004000000000000000E7
:108950000000000000000000000000000000000017
:108960000000000000000000000000000000000007
:10897000000000000000000000000000677DDF7EB6
:1089800072902E554CF6E6880000000000000000B2
:108990000000000000000000D8DCB4B8B0D8B9ABCB
:1089A000F3F8FAB3B7BB8E9EAEF132F51BF1B4B853
:1089B000B08097F1A9DFDFDFAADFDFDFF2AAC5CD44
:1089C000C7A90CC92C97F1A989264666B28999A92D
:1089D0002D557DB0B08AA896365676F1BAA3B4B2BA
:1089E00080C0B8A89711B28398BAA3F024084410A5
:1089F0006418B2B9B49883F1A329557DBAB5B1A36F
:108A00008393F0002850F5B2B6AA839328547CF1E2
:108A1000B9A3829361BAA2DADEDFDB819AB9AEF53F
:108A2000606870F1DABAA2DFD9BAA2FAB9A3829269
:108A3000DB31BAA2D9BAA2F8DF85A4D0C1BBAD831D
:108A4000C2C5C7B8A2DFDFDFBAA0DFDFDFD8D8F149
:108A5000B8AAB38DB4980D355DB2B6BAAF8C96197D
:108A60008F9FA70E161EB49AB8AA872C547CBAA45E
:108A7000B08AB691325676B28494A4C808CDD8B8DC
:108A8000B4B0F19982A82D557D98A80E161EA22C7F
:108A9000547C92A4F02C5078F184A898C4CDFCD8D2
:108AA0000DDBA8FC2DF3D9BAA6F8DABAA6DED8BA3F
:108AB000B2B68696A6D0F3C841DAA6C8F8D8B0B444
:108AC000B882A892F52C548898F135D9F418D8F1C9
:108AD000A2D0F8F9A884D9C7DFF8F883C5DADF692E
:108AE000DF83C1D8F40114F1A8824EA884F311D118
:108AF00082F5D992289788F109F41C1CD884A8F330
:108B0000C0F9D1D99782F129F40DD8F3F9F9D1D967
:108B100082F4C203D8DEDF1AD8F1A2FAF9A8849849
:108B2000D9C7DFF8F8F883C7DADF69DFF883C3D87D
:108B3000F40114F198A8822EA884F311D182F5D9FA
:108B400092509788F109F41CD884A8F3C0F8F9D1A1
:108B5000D99782F149F40DD8F3F9F9D1D982F4C447
:108B600003D8DEDFD8F1AD8898CCA809F9D9829274
:108B7000A8F57CF1883ACF944A6E98DB6931DAAD7A
:108B8000F2DEF9D88795A8F221D1DAA5F9F417D940
:108B9000F1AE8ED0C0C3AE82C684C3A88595C8A5E9
:108BA00088F2C0F1F4010EF18E9EA8C63E56F5542F
:108BB000F18872F40115F19845856EF58E9E048852
:108BC000F142985A8E9E068869F4011CF1981E1194
:108BD00008D0F504F11E970202983625DBF9D985F5
:108BE000A5F3C1DA85A5F3DFD88595A8F309DAA541
:108BF000FAD88292A8F578F1881A849F268898215D
:108C0000DAF41DF3D8879F39D1AFD9DFDFFBF9F450
:108C10000CF3D8FAD0F8DAF9F9D0DFD9F9D8F40B97
:108C2000D8F3879F39D1AFD9DFDFF41DF3D8FAFC31
:108C3000A869F9F9AFD0DADEFAD9F88F9FA8F1CC9C
:108C4000F398DB45D9AFDFD0F8D8F18F9FA8CAF3EE
:108C50008809DAAF8FCBF8D8F2AD978D0CD9A5DFA4
:108C6000F9BAA6F3FAF412F2D8950DD1D9BAA6F34F
:108C7000FADAA5F2C1BAA6F3DFD8F1BAB2B686968F
:108C8000A6D0CAF349DAA6CBF8D8B0B4B8D8AD8428
:108C9000F2C0DFF18FCBC3A8B2B68696C8C1CBC3F2
:108CA000F3B0B48898A821DB718D9D71859521D989
:108CB000ADF2FAD88597A828D9F408D8F28D29DA28
:108CC000F405D9F285A4C2F2D8A88D9401D1D9F4C3
:108CD00011F2D88721D8F40AD8F28498A8C801D113
:108CE000D9F411D8F3A4C8BBAFD0F2DEF8F8F8F885
:108CF000F8F8F8F8D8F1B8F6B5B9B08A95A3DE3C23
:108D0000A3D9F8D85CA3D9F8D87CA3D9F8D8F8F9B6
:108D1000D1A5D9DFDAFAD8B18530F7D9DED8F83065
:108D2000ADDADED8F2B48C99A32D557DA083DFDFB8
:108D3000DFB591A0F629D9FBD8A0FC29D9FAD8A093
:108D4000D051D9F8D8FC51D9F9D879D9FBD8A0D0CD
:108D5000FC79D9FAD8A1F9F9F9F9F9A0DADFDFDF5E
:108D6000D8A1F8F8F8F8F8ACDEF8ADDE8393AC2CB7
:108D7000547CF1A8DFDFDFF69D2CDAA0DFD9FADB27
:108D80002DF8D8A850DAA0D0DED9D0F8F8F8DB5505
:108D9000F8D8A878DAA0D0DFD9D0FAF8F8F8F8DB5C
:108DA0007DF8D89CA88CF530DB38D9D0DEDFA0D098
:108DB000DEDFD8A848DB58D9DFD0DEA0DFD0DED890
:108DC000A868DB70D9DFDFA0DFDFD8F1A888902C9E
:108DD000547C98A8D05C38D1DAF2AE8CDFF9D8B0E8
:108DE00087A8C1C1B188A8C6F9F9DA36D8A8F9DAD6
:108DF00036D8A8F9DA36D8A8F9DA36D8A8F9DA36A2
:108E0000D8F78D9DADF818DAF2AEDFD8F7ADFA30AD
:108E1000D9A4DEF9D8F2AEDEFAF983A7D9C3C5C763
:108E2000F1889BA77AADF7DEDFA4F8849408A797B2
:108E3000F300AEF29819A488C6A39488F632DFF244
:108E40008393DB09D9F2AADFD8D8AEF8F9D1DAF3E7
:108E5000A4DEA7F1889B7AD8F38494AE19F9DAAA34
:108E6000F1DFD8A881C0C3C5C7A39283F628ADDEC1
:108E7000D9F8D8A350ADD9F8D8A378ADD9F8D8F897
:108E8000F9D1A1DADEC3C5C7D8A18194F818F2B030
:108E900089ACC3C5C7F1D8B8B4B09786A8319B06D2
:108EA0009907AB9728889BF00C201440B0B4B8F019
:108EB000A88A9A285078B79BA829517924705944D8
:108EC0006938644831F1BBAB88002C547CF0B38B1B
:108ED000B8A804285078F1B088B49726A85998BB50
:108EE000ABB38B02264666B0B8F08A9CA8295179AC
:108EF0008B2951798A2470598B2058718A4469389A
:108F00008B3940688A6448318B30496088F1AC0005
:108F10002C547CF08CA804285078F1889726A85906
:108F200098AC8C02264666F0899CA8295179247059
:108F300059446938644831A98809205970AB1138FF
:108F40004069A8193148608CA83C415C207C00F144
:108F500087981986A86E767EA999882D557DD8B1F7
:108F6000B5B9A3DFDFDFAED0DFAAD0DEF2ABF8F910
:108F7000D9B087C4AAF1DFDFBBAFDFDFB9D8B1F169
:108F8000A3978E60DFB084F2C8F8F9D9DED8938554
:108F9000F14AB183A308B5839A0810B79F10D8F19E
:108FA000B0BAAEB08AC2B2B68E9EF1FBD9F41DD86B
:108FB000F9D90CF1D8F8F8AD61D9AEFBD8F40CF1C1
:108FC000D8F8F8AD19D9AEFBDFD8F416F1D8F8AD62
:108FD0008D61D9F4F4ACF59C9C8DDF2BBAB6AEFA5A
:108FE000F8F40BD8F1AED0F8AD51DAAEFAF8F1D80A
:108FF000B9B1B6A3839C08B9B1839AB5AAC0FD30B4
:1090000083B79F10B58B93F20202D1ABDADED8F1B1
:10901000B080BAABC0C3B284C1C3D8B1B9F38BA31B
:1090200091B609B4D9ABDEB0879CB9A3DDF1B38B9F
:109030008B8B8B8BB087A3A3A3A3B28BB69BF2A31E
:10904000A3A3A3A3A3A3A3A3A3F1B087B59AA3F358
:109050009BA3A3DCBAACDFB9A3A3A3A3A3A3A3A33D
:10906000A3A3A3A3A3A3A3A3D8D8D8BBB3B7F1AAA0
:10907000F9DAFFD9809AAA28B48098A720B79787F1
:10908000A86688F07951F1902C870CA7819762939C
:10909000F071716085940129517990A5F1284C6C8B
:1090A000870C95188578A38390284C6C886CD8F32E
:1090B000A28200F210A8921980A2F2D926D8F188D3
:1090C000A84DD948D896A83980D93CD89580A839D8
:1090D000A68698D92CDA87A72CD8A8899519A980B3
:1090E000D938D8A88939A980DA3CD8A82EA83990CF
:1090F000D90CD8A8953198D90CD8A809D9FFD8018E
:10910000DAFFD89539A9DA26FFD890A80D8999A851
:1091100010809821DA2ED88999A83180DA2ED8A823
:1091200086963180DA2ED8A8873180DA2ED8A882A8
:1091300092F34180F1D92ED8A882F31980F1D92E6B
:10914000D882ACF3C0A28022F1A62EA72EA9229825
:10915000A829DAACDEFFD8A2F22AF1A92E8292A8C1
:10916000F23180A696F1D900AC8C9C0C30ACDED0EC
:10917000DEFFD88C9CACD010ACDE8092A2F24C8288
:10918000A8F1CAF235F19688A6D900D8F1FF0000FF
:10919000555555555555C53F7D6FEB0312D6D4BF78
:1091A0005544880E55C1C93F3B8F68B52882A4BF7E
:1091B00088B20175E0EF493F09F7FD0DE13D023F3F
:1091C0004B2D8A1C273A03C0C88A599CE52A0040C7
:1091D00059018D1B6C06E6BF82922EB1C5B8B33F14
:1091E0004FBB610567ACDD3F182D4454FB21E93FBF
:1091F0009BF681D20B73EF3F182D4454FB21F93FAE
:10920000E2652F227F2B7A3C075C143326A6813C33
:10921000BDCBF07A8807703C075C143326A6913CDE
:10922000C4EB98999999C9BF711623FEC671BCBF4A
:109230006D9A74AFF2B0B3BF9AFDDE522DDEADBFB2
:109240002F6C6A2C44B4A2BF0D5555555555D53FCA
:10925000FF8300922449C23F6E204CC5CD45B73FE5
:10926000513DD0A0660DB13FEB0D76244B7BA93F5D
:1092700011DA22E33AAD903F000000000000000048
:10928000A092000800000020E8000000C4010008CF
:1092900088930008E8000020E0170000E0010008C3
:1092A0000000000010000000010000000024F40095
:1092B00000000000000000000000000000000000AE
:1092C00078010020020100000000C84200000000F8
:1092D000E8030000000000000000000000000000A3
:1092E0000001000006000000C00100200101000094
:1092F0000000C84200000000E80300000000000079
:109300000000000000000000000100000600000056
:10931000010000000100000000000000000000004B
:109320000000000038850008628500080000000089
:10933000000000000000000000000000000000002D
:10934000000000000000000000000000000000001D
:10935000000000000000000070850008010000000F
:1093600001000000010000000000000000000000FB
:1093700000000000000000000000000000000000ED
:089380000000000000000000E5
:040000050800018965
:00000001FF
